,symbol,company,sector,industry,in_sp500,in_osci,osci_position,os_engagement,in_suzy,relevance,company_count,ospo_status,symbol_ospo,market_cap,country,in_ospo
0,MMM,3M,Industrials,,1.0,,,,,,1,,,,,
1,,4teamwork,,Technology,,1.0,285.0,,,,1,,,,,
2,,5minds,,Technology,,1.0,276.0,,,,1,,,,,
3,AOS,A. O. Smith,Industrials,,1.0,,,,,,1,,,,,
4,ADM,ADM,Consumer Staples,,1.0,,,,,,1,,,,,
5,AES,AES Corp,Utilities,,1.0,,,,,,1,,,,,
6,,AMD,,Technology,,1.0,31.0,,1.0,,1,,,,,
7,APA,APA Corporation,Energy,,1.0,,,,,,1,,,,,
8,,ARM,,Technology,,1.0,22.0,,,,1,,,,,
9,T,AT&T,Communication Services,,1.0,,,Co-Leading,1.0,Accelerant,1,,,,,
10,ABBV,AbbVie,Health Care,,1.0,,,,,,1,,,,,
11,ABT,Abbott Laboratories,Health Care,,1.0,,,,,,1,,,,,
12,,Abilian,,Technology,,1.0,263.0,,,,1,,,,,
13,ABMD,Abiomed,Health Care,,1.0,,,,,,1,,,,,
14,ACN,Accenture,Information Technology,Professional Services,1.0,1.0,47.0,,,,1,,,,,
15,,Acsone,,Technology,,1.0,157.0,,,,1,,,,,
16,ATVI,Activision Blizzard,Communication Services,,1.0,,,,,,1,,,,,
17,,Ad Hoc,,Technology,,1.0,119.0,,,,1,,,,,
18,,Adguard,,Technology,,1.0,149.0,,,,1,,,,,
19,ADBE,Adobe,Information Technology,Technology,1.0,1.0,17.0,Contribute,1.0,Dependent,1,Adobe (Adopter),ADBE,188740124672.0,United States,1.0
20,AAP,Advance Auto Parts,Consumer Discretionary,,1.0,,,,,,1,,,,,
21,AMD,Advanced Micro Devices,Information Technology,,1.0,,,,,,1,,,,,
22,AFL,Aflac,Financials,,1.0,,,,,,1,,,,,
23,,Agaric,,Technology,,1.0,274.0,,,,1,,,,,
24,A,Agilent Technologies,Health Care,,1.0,,,,,,1,,,,,
25,APD,Air Products & Chemicals,Materials,,1.0,,,,,,1,,,,,
26,AKAM,Akamai Technologies,Information Technology,,1.0,,,,,,1,,,,,
27,,Akvelon,,Technology,,1.0,146.0,,,,1,,,,,
28,ALK,Alaska Air Group,Industrials,,1.0,,,,,,1,,,,,
29,ALB,Albemarle Corporation,Materials,,1.0,,,,,,1,,,,,
30,ARE,Alexandria Real Estate Equities,Real Estate,,1.0,,,,,,1,,,,,
31,,Alfresco,,Technology,,1.0,165.0,,,,1,,,,,
32,,Algolia,,Technology,,1.0,212.0,,,,1,,,,,
33,,Alibaba,,Technology,,1.0,16.0,,1.0,,1,,,,,
34,ALGN,Align Technology,Health Care,,1.0,,,,,,1,,,,,
35,ALLE,Allegion,Industrials,,1.0,,,,,,1,,,,,
36,LNT,Alliant Energy,Utilities,,1.0,,,,,,1,,,,,
37,ALL,Allstate Corp,Financials,,1.0,,,,,,1,,,,,
38,GOOGL,Alphabet (Class A),Communication Services,,1.0,,,,,,1,,,,,
39,GOOG,Alphabet (Class C),Communication Services,,1.0,,,,,,1,,,,,
40,MO,Altria Group,Consumer Staples,,1.0,,,,,,1,,,,,
41,AMZN,Amazon,Consumer Discretionary,Technology,1.0,1.0,6.0,,,,1,,,,,
42,AMCR,Amcor,Materials,,1.0,,,,,,1,,,,,
43,AEE,Ameren Corp,Utilities,,1.0,,,,,,1,,,,,
44,AAL,American Airlines Group,Industrials,,1.0,,,,,,1,,,,,
45,AEP,American Electric Power,Utilities,,1.0,,,,,,1,,,,,
46,AXP,American Express,Financials,,1.0,,,,,,1,,,,,
47,AIG,American International Group,Financials,,1.0,,,,,,1,,,,,
48,AMT,American Tower,Real Estate,,1.0,,,,,,1,,,,,
49,AWK,American Water Works,Utilities,,1.0,,,,,,1,,,,,
50,AMP,Ameriprise Financial,Financials,,1.0,,,,,,1,,,,,
51,ABC,AmerisourceBergen,Health Care,,1.0,,,,,,1,,,,,
52,AME,Ametek,Industrials,,1.0,,,,,,1,,,,,
53,AMGN,Amgen,Health Care,,1.0,,,,,,1,,,,,
54,APH,Amphenol,Information Technology,,1.0,,,,,,1,,,,,
55,ADI,Analog Devices,Information Technology,Technology,1.0,1.0,73.0,,,,1,,,,,
56,,Andela,,Technology,,1.0,261.0,,,,1,,,,,
57,ANSS,Ansys,Information Technology,,1.0,,,,,,1,,,,,
58,,Ant Financial,,"Banking, Insurance & Financial Services",,1.0,143.0,,,,1,,,,,
59,ANTM,Anthem,Health Care,,1.0,,,,,,1,,,,,
60,,Antmicro,,Technology,,1.0,115.0,,,,1,,,,,
61,AON,Aon,Financials,,1.0,,,,,,1,,,,,
62,AAPL,Apple,Information Technology,Technology,1.0,1.0,24.0,Co-Leading,1.0,Dependent,1,Apple (Adopter),AAPL,2608140386304.0,United States,1.0
63,AMAT,Applied Materials,Information Technology,,1.0,,,,,,1,,,,,
64,APTV,Aptiv,Consumer Discretionary,,1.0,,,,,,1,,,,,
65,,ArangoDB,,Technology,,1.0,158.0,,,,1,,,,,
66,,Arbisoft,,Technology,,1.0,129.0,,,,1,,,,,
67,ANET,Arista Networks,Information Technology,,1.0,,,,,,1,,,,,
68,AJG,Arthur J. Gallagher & Co.,Financials,,1.0,,,,,,1,,,,,
69,AIZ,Assurant,Financials,,1.0,,,,,,1,,,,,
70,,Atlassian,,Technology,,1.0,61.0,,,,1,,,,,
71,ATO,Atmos Energy,Utilities,,1.0,,,,,,1,,,,,
72,,Atomist,,Technology,,1.0,254.0,,,,1,,,,,
73,,Atypon,,Technology,,1.0,255.0,,,,1,,,,,
74,AZO,AutoZone,Consumer Discretionary,,1.0,,,,,,1,,,,,
75,ADSK,Autodesk,Information Technology,Technology,1.0,1.0,98.0,,,,1,Autodesk (Adopter),ADSK,41994772480.0,United States,1.0
76,ADP,Automatic Data Processing,Information Technology,,1.0,,,,,,1,,,,,
77,,Automattic,,Technology,,1.0,38.0,,1.0,,1,,,,,
78,,Autonomous,,Technology,,1.0,230.0,,,,1,,,,,
79,AVB,AvalonBay Communities,Real Estate,,1.0,,,,,,1,,,,,
80,AVY,Avery Dennison,Materials,,1.0,,,,,,1,,,,,
81,,Azavea,,Technology,,1.0,183.0,,,,1,,,,,
82,,B2CK,,Technology,,1.0,269.0,,,,1,,,,,
83,,BBC,,Media & Telecoms,,1.0,103.0,,,,1,,,,,
84,,BJISS,,Professional Services,,1.0,140.0,,,,1,,,,,
85,BK,BNY Mellon,Financials,,1.0,,,,,,1,,,,,
86,,Baidu,,Technology,,1.0,32.0,,1.0,,1,Baidu (Adopter),9888.HK,43146259694.0,China,1.0
87,BKR,Baker Hughes,Energy,,1.0,,,,,,1,,,,,
88,,Balena,,Technology,,1.0,134.0,,,,1,,,,,
89,BLL,Ball Corp,Materials,,1.0,,,,,,1,,,,,
90,BAC,Bank of America,Financials,,1.0,,,Combining,1.0,Beneficial,1,,,,,
91,BBWI,Bath & Body Works Inc.,Consumer Discretionary,,1.0,,,,,,1,,,,,
92,BAX,Baxter International,Health Care,,1.0,,,,,,1,,,,,
93,BDX,Becton Dickinson,Health Care,,1.0,,,,,,1,,,,,
94,,Belledonne Communications,,Media & Telecoms,,1.0,199.0,,,,1,,,,,
95,BRK.B,Berkshire Hathaway,Financials,,1.0,,,,,,1,,,,,
96,BBY,Best Buy,Consumer Discretionary,,1.0,,,,,,1,,,,,
97,,Binary Group,,Professional Services,,1.0,235.0,,,,1,,,,,
98,BIO,Bio-Rad Laboratories,Health Care,,1.0,,,,,,1,,,,,
99,TECH,Bio-Techne,Health Care,,1.0,,,,,,1,,,,,
100,BIIB,Biogen,Health Care,,1.0,,,,,,1,,,,,
101,,Bitnami,,Technology,,1.0,238.0,,,,1,,,,,
102,,Bitrise,,Technology,,1.0,177.0,,,,1,,,,,
103,,Bjerk,,Technology,,1.0,249.0,,,,1,,,,,
104,BLK,BlackRock,Financials,,1.0,,,Contribute,1.0,Dependent,1,BlackRock (Adopter),BLK,96751116288.0,United States,1.0
105,,Block.one,,Technology,,1.0,189.0,,,,1,,,,,
106,,Blockchain Foundry,,Technology,,1.0,282.0,,,,1,,,,,
107,,Bloomberg,,"Banking, Insurance & Financial Services",,1.0,82.0,Co-Leading,1.0,Dependent,1,Bloomberg (Adopter),,,United States,1.0
108,BA,Boeing,Industrials,,1.0,,,,,,1,,,,,
109,BKNG,Booking Holdings,Consumer Discretionary,,1.0,,,,,,1,,,,,
110,,Bootlin,,Technology,,1.0,209.0,,,,1,,,,,
111,BWA,BorgWarner,Consumer Discretionary,,1.0,,,,,,1,,,,,
112,,Bosch,,Technology,,1.0,45.0,Co-Leading,1.0,Dependent,1,Bosch (Adopter),,,Germany,1.0
113,BXP,Boston Properties,Real Estate,,1.0,,,,,,1,,,,,
114,BSX,Boston Scientific,Health Care,,1.0,,,,,,1,,,,,
115,,Brave,,Technology,,1.0,123.0,,,,1,,,,,
116,BMY,Bristol Myers Squibb,Health Care,,1.0,,,,,,1,,,,,
117,AVGO,Broadcom,Information Technology,Technology,1.0,1.0,70.0,,,,1,,,,,
118,BR,Broadridge Financial Solutions,Information Technology,,1.0,,,,,,1,,,,,
119,BRO,Brown & Brown,Financials,,1.0,,,,,,1,,,,,
120,BF.B,Brown–Forman,Consumer Staples,,1.0,,,,,,1,,,,,
121,,Buoyant,,Technology,,1.0,222.0,,,,1,,,,,
122,,Buro Happold,,Professional Services,,1.0,172.0,,,,1,,,,,
123,CHRW,C. H. Robinson,Industrials,,1.0,,,,,,1,,,,,
124,CBRE,CBRE,Real Estate,,1.0,,,,,,1,,,,,
125,CDW,CDW,Information Technology,,1.0,,,,,,1,,,,,
126,CF,CF Industries,Materials,,1.0,,,,,,1,,,,,
127,,CGI,,Technology,,1.0,76.0,,,,1,,,,,
128,,CKSource,,Technology,,1.0,171.0,,,,1,,,,,
129,CME,CME Group,Financials,,1.0,,,,,,1,,,,,
130,CMS,CMS Energy,Utilities,,1.0,,,,,,1,,,,,
131,,CS Group,,Technology,,1.0,231.0,,,,1,,,,,
132,CSX,CSX,Industrials,,1.0,,,,,,1,,,,,
133,CVS,CVS Health,Health Care,,1.0,,,,,,1,,,,,
134,CDNS,Cadence Design Systems,Information Technology,,1.0,,,,,,1,,,,,
135,CZR,Caesars Entertainment,Consumer Discretionary,,1.0,,,,,,1,,,,,
136,CPB,Campbell Soup,Consumer Staples,,1.0,,,,,,1,,,,,
137,,Camptocamp,,Technology,,1.0,87.0,,,,1,,,,,
138,,Camunda,,Technology,,1.0,112.0,,,,1,Camunda (Adopter),,,Germany,1.0
139,,Canonical,,Technology,,1.0,29.0,,1.0,,1,,,,,
140,,Capgemini,,Professional Services,,1.0,58.0,,,,1,,,,,
141,COF,Capital One Financial,Financials,,1.0,,,,,,1,,,,,
142,KMX,CarMax,Consumer Discretionary,,1.0,,,,,,1,,,,,
143,CAH,Cardinal Health,Health Care,,1.0,,,,,,1,,,,,
144,CCL,Carnival Corporation,Consumer Discretionary,,1.0,,,,,,1,,,,,
145,CARR,Carrier Global,Industrials,,1.0,,,,,,1,,,,,
146,CTLT,Catalent,Health Care,,1.0,,,,,,1,,,,,
147,CAT,Caterpillar,Industrials,,1.0,,,,,,1,,,,,
148,CBOE,Cboe Global Markets,Financials,,1.0,,,,,,1,,,,,
149,CE,Celanese,Materials,,1.0,,,,,,1,,,,,
150,CNC,Centene Corporation,Health Care,,1.0,,,,,,1,,,,,
151,CNP,CenterPoint Energy,Utilities,,1.0,,,,,,1,,,,,
152,,Centreon,,Technology,,1.0,155.0,,,,1,,,,,
153,CDAY,Ceridian,Information Technology,,1.0,,,,,,1,,,,,
154,CERN,Cerner,Health Care,,1.0,,,,,,1,,,,,
155,CRL,Charles River Laboratories,Health Care,,1.0,,,,,,1,,,,,
156,SCHW,Charles Schwab Corporation,Financials,,1.0,,,,,,1,,,,,
157,CHTR,Charter Communications,Communication Services,,1.0,,,,,,1,,,,,
158,,Chef,,Technology,,1.0,187.0,,,,1,,,,,
159,CVX,Chevron Corporation,Energy,,1.0,,,,,,1,,,,,
160,CMG,Chipotle Mexican Grill,Consumer Discretionary,,1.0,,,,,,1,,,,,
161,CB,Chubb,Financials,,1.0,,,,,,1,,,,,
162,CHD,Church & Dwight,Consumer Staples,,1.0,,,,,,1,,,,,
163,CI,Cigna,Health Care,,1.0,,,,,,1,,,,,
164,CINF,Cincinnati Financial,Financials,,1.0,,,,,,1,,,,,
165,CTAS,Cintas Corporation,Industrials,,1.0,,,,,,1,,,,,
166,,CircleCI,,Technology,,1.0,102.0,,,,1,,,,,
167,CSCO,Cisco Systems,Information Technology,Media & Telecoms,1.0,1.0,25.0,Co-Leading,1.0,Dependent,1,,,,,
168,C,Citigroup,Financials,,1.0,,,,,,1,,,,,
169,CFG,Citizens Financial Group,Financials,,1.0,,,,,,1,,,,,
170,,Citrix,,Technology,,1.0,131.0,,1.0,,1,,,,,
171,CTXS,Citrix Systems,Information Technology,,1.0,,,,,,1,,,,,
172,CLX,Clorox,Consumer Staples,,1.0,,,,,,1,,,,,
173,,CloudCannon,,Technology,,1.0,217.0,,,,1,,,,,
174,,Cloudbees,,Technology,,1.0,153.0,,,,1,,,,,
175,,Cloudera,,Technology,,1.0,55.0,,1.0,,1,,,,,
176,,Cloudfare,,Technology,,1.0,72.0,,,,1,,,,,
177,KO,Coca-Cola Company,Consumer Staples,,1.0,,,,,,1,,,,,
178,,Cockroachlabs,,Technology,,1.0,64.0,,,,1,,,,,
179,CTSH,Cognizant Technology Solutions,Information Technology,,1.0,,,,,,1,,,,,
180,CL,Colgate-Palmolive,Consumer Staples,,1.0,,,,,,1,,,,,
181,,Collabora,,Technology,,1.0,62.0,,,,1,,,,,
182,CMCSA,Comcast,Communication Services,,1.0,,,Co-Leading,1.0,Accelerant,1,Comcast (Adopter),CMCSA,180723613696.0,United States,1.0
183,CMA,Comerica,Financials,,1.0,,,,,,1,,,,,
184,CAG,Conagra Brands,Consumer Staples,,1.0,,,,,,1,,,,,
185,,Confluent,,Technology,,1.0,59.0,,,,1,,,,,
186,COP,ConocoPhillips,Energy,,1.0,,,,,,1,,,,,
187,,ConsenSys,,Technology,,1.0,109.0,,,,1,,,,,
188,ED,Consolidated Edison,Utilities,,1.0,,,,,,1,,,,,
189,STZ,Constellation Brands,Consumer Staples,,1.0,,,,,,1,,,,,
190,CPRT,Copart,Industrials,,1.0,,,,,,1,,,,,
191,GLW,Corning,Information Technology,,1.0,,,,,,1,,,,,
192,CTVA,Corteva,Materials,,1.0,,,,,,1,,,,,
193,COST,Costco,Consumer Staples,,1.0,,,,,,1,,,,,
194,CTRA,Coterra,Energy,,1.0,,,,,,1,,,,,
195,,Couchbase,,Technology,,1.0,60.0,,,,1,,,,,
196,,Cozy,,Technology,,1.0,193.0,,,,1,,,,,
197,CCI,Crown Castle,Real Estate,,1.0,,,,,,1,,,,,
198,CMI,Cummins,Industrials,,1.0,,,,,,1,,,,,
199,DHI,D. R. Horton,Consumer Discretionary,,1.0,,,,,,1,,,,,
200,,D2L,,Technology,,1.0,167.0,,,,1,,,,,
201,,D2iQ,,Technology,,1.0,227.0,,,,1,,,,,
202,DTE,DTE Energy,Utilities,,1.0,,,,,,1,,,,,
203,DXC,DXC Technology,Information Technology,,1.0,,,,,,1,,,,,
204,DVA,DaVita,Health Care,,1.0,,,,,,1,,,,,
205,DHR,Danaher Corporation,Health Care,,1.0,,,,,,1,,,,,
206,DRI,Darden Restaurants,Consumer Discretionary,,1.0,,,,,,1,,,,,
207,,Datadoghq,,Technology,,1.0,26.0,,,,1,,,,,
208,,Decred,,Technology,,1.0,251.0,,,,1,,,,,
209,DE,Deere & Co.,Industrials,,1.0,,,,,,1,,,,,
210,DAL,Delta Air Lines,Industrials,,1.0,,,,,,1,,,,,
211,XRAY,Dentsply Sirona,Health Care,,1.0,,,,,,1,,,,,
212,,Devexperts,,Technology,,1.0,267.0,,,,1,,,,,
213,DVN,Devon Energy,Energy,,1.0,,,,,,1,,,,,
214,,Devox Software,,Technology,,1.0,293.0,,,,1,,,,,
215,DXCM,DexCom,Health Care,,1.0,,,,,,1,,,,,
216,FANG,Diamondback Energy,Energy,,1.0,,,,,,1,,,,,
217,,Digital Asset,,"Banking, Insurance & Financial Services",,1.0,125.0,,,,1,,,,,
218,,Digital Bazaar,,Technology,,1.0,221.0,,,,1,,,,,
219,DLR,Digital Realty Trust,Real Estate,,1.0,,,,,,1,,,,,
220,,Dimagi,,Technology,,1.0,170.0,,,,1,,,,,
221,DFS,Discover Financial Services,Financials,,1.0,,,,,,1,,,,,
222,DISCA,Discovery (Series A),Communication Services,,1.0,,,,,,1,,,,,
223,DISCK,Discovery (Series C),Communication Services,,1.0,,,,,,1,,,,,
224,DISH,Dish Network,Communication Services,,1.0,,,,,,1,,,,,
225,,Docker,,Technology,,1.0,148.0,,1.0,,1,,,,,
226,DG,Dollar General,Consumer Discretionary,,1.0,,,,,,1,,,,,
227,DLTR,Dollar Tree,Consumer Discretionary,,1.0,,,,,,1,,,,,
228,D,Dominion Energy,Utilities,,1.0,,,,,,1,,,,,
229,DPZ,Domino's Pizza,Consumer Discretionary,,1.0,,,,,,1,,,,,
230,DOV,Dover Corporation,Industrials,,1.0,,,,,,1,,,,,
231,DOW,Dow,Materials,,1.0,,,,,,1,,,,,
232,DD,DuPont,Materials,,1.0,,,,,,1,,,,,
233,DUK,Duke Energy,Utilities,,1.0,,,,,,1,,,,,
234,DRE,Duke Realty Corp,Real Estate,,1.0,,,,,,1,,,,,
235,,Dynatrace,,Technology,,1.0,78.0,,,,1,Dynatrace (Adopter),DT,11136910336.0,United States,1.0
236,EOG,EOG Resources,Energy,,1.0,,,,,,1,,,,,
237,,EPAM,,Technology,,1.0,19.0,,1.0,,1,,,,,
238,,ESRI,,Technology,,1.0,53.0,Contribute,1.0,Dependent,1,,,,,
239,,East Agile,,Technology,,1.0,266.0,,,,1,,,,,
240,EMN,Eastman Chemical,Materials,,1.0,,,,,,1,,,,,
241,ETN,Eaton Corporation,Industrials,,1.0,,,,,,1,,,,,
242,ECL,Ecolab,Materials,,1.0,,,,,,1,,,,,
243,EIX,Edison International,Utilities,,1.0,,,,,,1,,,,,
244,EW,Edwards Lifesciences,Health Care,,1.0,,,,,,1,,,,,
245,,Eficent,,Professional Services,,1.0,218.0,,,,1,,,,,
246,,Elastic,,Technology,,1.0,18.0,,,,1,Elastic (Adopter),ESTC,6596107264.0,United States,1.0
247,EA,Electronic Arts,Communication Services,,1.0,,,,,,1,,,,,
248,LLY,Eli Lilly & Co,Health Care,,1.0,,,,,,1,,,,,
249,EMR,Emerson Electric Company,Industrials,,1.0,,,,,,1,,,,,
250,,Enalean,,Technology,,1.0,202.0,,,,1,,,,,
251,,Endlessm,,Technology,,1.0,214.0,,,,1,,,,,
252,ENPH,Enphase Energy,Information Technology,,1.0,,,,,,1,,,,,
253,ETR,Entergy,Utilities,,1.0,,,,,,1,,,,,
254,EFX,Equifax,Industrials,,1.0,,,,,,1,,,,,
255,EQIX,Equinix,Real Estate,,1.0,,,,,,1,Equinix (Adopter),EQIX,65114263552.0,United States,1.0
256,,Equinor,,Energy & Utilities,,1.0,65.0,,,,1,,,,,
257,EQR,Equity Residential,Real Estate,,1.0,,,,,,1,,,,,
258,,Ericsson,,Media & Telecoms,,1.0,91.0,,,,1,Ericsson (Adopter),ERIC,27222110208.0,Sweden,1.0
259,,Espressif,,Technology,,1.0,43.0,,,,1,,,,,
260,ESS,Essex Property Trust,Real Estate,,1.0,,,,,,1,,,,,
261,EL,Estée Lauder Companies,Consumer Staples,,1.0,,,,,,1,,,,,
262,ETSY,Etsy,Consumer Discretionary,,1.0,,,,,,1,,,,,
263,,EuroLinux,,Technology,,1.0,270.0,,,,1,,,,,
264,RE,Everest Re,Financials,,1.0,,,,,,1,,,,,
265,EVRG,Evergy,Utilities,,1.0,,,,,,1,,,,,
266,ES,Eversource Energy,Utilities,,1.0,,,,,,1,,,,,
267,EXC,Exelon,Utilities,,1.0,,,,,,1,,,,,
268,,Exoplatform,,Technology,,1.0,136.0,,,,1,,,,,
269,EXPE,Expedia Group,Consumer Discretionary,Travel & Transport,1.0,1.0,101.0,,,,1,,,,,
270,EXPD,Expeditors,Industrials,,1.0,,,,,,1,,,,,
271,EXR,Extra Space Storage,Real Estate,,1.0,,,,,,1,,,,,
272,XOM,ExxonMobil,Energy,,1.0,,,,,,1,,,,,
273,FFIV,F5 Networks,Information Technology,,1.0,,,,,,1,,,,,
274,FMC,FMC Corporation,Materials,,1.0,,,,,,1,,,,,
275,FB,Facebook,Communication Services,Technology,1.0,1.0,7.0,,,,1,,,,,
276,FAST,Fastenal,Industrials,,1.0,,,,,,1,,,,,
277,FDX,FedEx,Industrials,,1.0,,,,,,1,,,,,
278,FRT,Federal Realty Investment Trust,Real Estate,,1.0,,,,,,1,,,,,
279,FIS,Fidelity National Information Services,Information Technology,,1.0,,,,,,1,,,,,
280,FITB,Fifth Third Bancorp,Financials,,1.0,,,,,,1,,,,,
281,,Financial Times,,Media & Telecoms,,1.0,186.0,,,,1,,,,,
282,,Finbourne,,"Banking, Insurance & Financial Services",,1.0,207.0,,,,1,,,,,
283,FRC,First Republic Bank,Financials,,1.0,,,,,,1,,,,,
284,FE,FirstEnergy,Utilities,,1.0,,,,,,1,,,,,
285,FISV,Fiserv,Information Technology,,1.0,,,,,,1,,,,,
286,,Flatiron school,,Education,,1.0,208.0,,,,1,,,,,
287,FLT,Fleetcor,Information Technology,,1.0,,,,,,1,,,,,
288,F,Ford,Consumer Discretionary,,1.0,,,,,,1,,,,,
289,,Forestry.io,,Technology,,1.0,224.0,,,,1,,,,,
290,FTNT,Fortinet,Information Technology,,1.0,,,,,,1,,,,,
291,FTV,Fortive,Industrials,,1.0,,,,,,1,,,,,
292,FBHS,Fortune Brands Home & Security,Industrials,,1.0,,,,,,1,,,,,
293,FOXA,Fox Corporation (Class A),Communication Services,,1.0,,,,,,1,,,,,
294,FOX,Fox Corporation (Class B),Communication Services,,1.0,,,,,,1,,,,,
295,BEN,Franklin Resources,Financials,,1.0,,,,,,1,,,,,
296,FCX,Freeport-McMoRan,Materials,,1.0,,,,,,1,,,,,
297,,Galera Cluster,,Technology,,1.0,237.0,,,,1,,,,,
298,GPS,Gap,Consumer Discretionary,,1.0,,,,,,1,,,,,
299,GRMN,Garmin,Consumer Discretionary,,1.0,,,,,,1,,,,,
300,IT,Gartner,Information Technology,,1.0,,,,,,1,,,,,
301,,GatsbyJS,,Technology,,1.0,223.0,,,,1,,,,,
302,GNRC,Generac Holdings,Industrials,,1.0,,,,,,1,,,,,
303,GD,General Dynamics,Industrials,,1.0,,,,,,1,,,,,
304,GE,General Electric,Industrials,,1.0,,,,,,1,,,,,
305,GIS,General Mills,Consumer Staples,,1.0,,,,,,1,,,,,
306,GM,General Motors,Consumer Discretionary,,1.0,,,,,,1,,,,,
307,GPC,Genuine Parts,Consumer Discretionary,,1.0,,,,,,1,,,,,
308,,Giant Swarm,,Technology,,1.0,162.0,,,,1,,,,,
309,GILD,Gilead Sciences,Health Care,,1.0,,,,,,1,,,,,
310,,GitHub,,Technology,,1.0,8.0,Co-Leading,1.0,Dependent,1,GitHub (Adopter),MSFT,2087771176960.0,United States,1.0
311,,GitLab,,Technology,,1.0,27.0,,,,1,GitLab (Adopter),GTLB,7085699072.0,United States,1.0
312,,GitLab,,Technology,,1.0,27.0,,,,1,JiHu(GitLab) (Adopter),,,China,1.0
313,GPN,Global Payments,Information Technology,,1.0,,,,,,1,,,,,
314,GL,Globe Life,Financials,,1.0,,,,,,1,,,,,
315,,Gofore,,Technology,,1.0,114.0,,,,1,,,,,
316,,Golden Dimension,,"Banking, Insurance & Financial Services",,1.0,264.0,,,,1,,,,,
317,GS,Goldman Sachs,Financials,Technology,1.0,1.0,248.0,,1.0,,1,Goldman Sachs (Adopter),GS,107847974912.0,United States,1.0
318,,Google,,Technology,,1.0,1.0,,1.0,,1,Google (Adopter),GOOG,1524992311296.0,United States,1.0
319,,Gradle,,Technology,,1.0,121.0,,,,1,,,,,
320,,Grafana,,Technology,,1.0,54.0,,,,1,,,,,
321,,Graylog,,Technology,,1.0,178.0,,,,1,,,,,
322,,H2O.ai,,Technology,,1.0,174.0,,,,1,,,,,
323,HCA,HCA Healthcare,Health Care,,1.0,,,,,,1,,,,,
324,,HERE,,Technology,,1.0,137.0,,,,1,,,,,
325,HPQ,HP,Information Technology,,1.0,,,,,,1,,,,,
326,HAL,Halliburton,Energy,,1.0,,,,,,1,,,,,
327,HBI,Hanesbrands,Consumer Discretionary,,1.0,,,,,,1,,,,,
328,HAS,Hasbro,Consumer Discretionary,,1.0,,,,,,1,,,,,
329,,HashiCorp,,Technology,,1.0,34.0,,1.0,,1,,,,,
330,PEAK,Healthpeak Properties,Real Estate,,1.0,,,,,,1,,,,,
331,HSIC,Henry Schein,Health Care,,1.0,,,,,,1,,,,,
332,HES,Hess Corporation,Energy,,1.0,,,,,,1,,,,,
333,HPE,Hewlett Packard Enterprise,Information Technology,Technology,1.0,1.0,40.0,,,,1,HPE (Adopter),HPE,20440801280.0,United States,1.0
334,HLT,Hilton Worldwide,Consumer Discretionary,,1.0,,,,,,1,,,,,
335,HOLX,Hologic,Health Care,,1.0,,,,,,1,,,,,
336,HD,Home Depot,Consumer Discretionary,,1.0,,,,,,1,,,,,
337,HON,Honeywell,Industrials,,1.0,,,,,,1,,,,,
338,HRL,Hormel,Consumer Staples,,1.0,,,,,,1,,,,,
339,HST,Host Hotels & Resorts,Real Estate,,1.0,,,,,,1,,,,,
340,HWM,Howmet Aerospace,Industrials,,1.0,,,,,,1,,,,,
341,,Huawei,,Media & Telecoms,,1.0,12.0,,1.0,,1,,,,,
342,HUM,Humana,Health Care,,1.0,,,,,,1,,,,,
343,HBAN,Huntington Bancshares,Financials,,1.0,,,,,,1,,,,,
344,HII,Huntington Ingalls Industries,Industrials,,1.0,,,,,,1,,,,,
345,IBM,IBM,Information Technology,Technology,1.0,1.0,5.0,,1.0,,1,IBM (Adopter),IBM,120321998848.0,United States,1.0
346,IEX,IDEX Corporation,Industrials,,1.0,,,,,,1,,,,,
347,INFO,IHS Markit,Industrials,,1.0,,,,,,1,,,,,
348,IPGP,IPG Photonics,Information Technology,,1.0,,,,,,1,,,,,
349,IQV,IQVIA,Health Care,,1.0,,,,,,1,,,,,
350,IDXX,Idexx Laboratories,Health Care,,1.0,,,,,,1,,,,,
351,,Igalia,,Professional Services,,1.0,90.0,,,,1,,,,,
352,ITW,Illinois Tool Works,Industrials,,1.0,,,,,,1,,,,,
353,ILMN,Illumina,Health Care,,1.0,,,,,,1,,,,,
354,,Improbable,,Technology,,1.0,168.0,,,,1,,,,,
355,INCY,Incyte,Health Care,,1.0,,,,,,1,,,,,
356,,Indexdata,,Technology,,1.0,211.0,,,,1,,,,,
357,,Infosiftr,,Technology,,1.0,262.0,,,,1,,,,,
358,,Infragistics,,Technology,,1.0,173.0,,,,1,,,,,
359,IR,Ingersoll Rand,Industrials,,1.0,,,,,,1,,,,,
360,,Insolar Technologies,,Technology,,1.0,290.0,,,,1,,,,,
361,,Instructure,,Technology,,1.0,81.0,,,,1,,,,,
362,INTC,Intel,Information Technology,Technology,1.0,1.0,4.0,,,,1,Intel (Adopter),INTC,183187193856.0,United States,1.0
363,ICE,Intercontinental Exchange,Financials,,1.0,,,,,,1,,,,,
364,IFF,International Flavors & Fragrances,Materials,,1.0,,,,,,1,,,,,
365,IP,International Paper,Materials,,1.0,,,,,,1,,,,,
366,IPG,Interpublic Group,Communication Services,,1.0,,,,,,1,,,,,
367,INTU,Intuit,Information Technology,,1.0,,,,,,1,,,,,
368,ISRG,Intuitive Surgical,Health Care,,1.0,,,,,,1,,,,,
369,IVZ,Invesco,Financials,,1.0,,,,,,1,,,,,
370,,Iohk,,Technology,,1.0,63.0,,,,1,,,,,
371,IRM,Iron Mountain,Real Estate,,1.0,,,,,,1,,,,,
372,JBHT,J. B. Hunt,Industrials,,1.0,,,,,,1,,,,,
373,SJM,JM Smucker,Consumer Staples,,1.0,,,,,,1,,,,,
374,JPM,JPMorgan Chase,Financials,,1.0,,,,,,1,,,,,
375,JKHY,Jack Henry & Associates,Information Technology,,1.0,,,,,,1,,,,,
376,J,Jacobs Engineering Group,Industrials,,1.0,,,,,,1,,,,,
377,,JankariTech,,Technology,,1.0,258.0,,,,1,,,,,
378,,JetBrains,,Technology,,1.0,20.0,Co-Leading,1.0,Promotional,1,,,,,
379,JNJ,Johnson & Johnson,Health Care,,1.0,,,,,,1,,,,,
380,JCI,Johnson Controls,Industrials,,1.0,,,,,,1,,,,,
381,,Joyent,,Technology,,1.0,246.0,,,,1,,,,,
382,,Julia Computing,,Technology,,1.0,203.0,,,,1,,,,,
383,JNPR,Juniper Networks,Information Technology,,1.0,,,,,,1,,,,,
384,KLAC,KLA Corporation,Information Technology,,1.0,,,,,,1,,,,,
385,,Kainos,,Technology,,1.0,141.0,,,,1,,,,,
386,,Kakao,,Media & Telecoms,,1.0,216.0,,,,1,,,,,
387,,Kaltura,,Technology,,1.0,135.0,,,,1,,,,,
388,KSU,Kansas City Southern,Industrials,,1.0,,,,,,1,,,,,
389,K,Kellogg's,Consumer Staples,,1.0,,,,,,1,,,,,
390,KEY,KeyCorp,Financials,,1.0,,,,,,1,,,,,
391,KEYS,Keysight Technologies,Information Technology,,1.0,,,,,,1,,,,,
392,KMB,Kimberly-Clark,Consumer Staples,,1.0,,,,,,1,,,,,
393,KIM,Kimco Realty,Real Estate,,1.0,,,,,,1,,,,,
394,KMI,Kinder Morgan,Energy,,1.0,,,,,,1,,,,,
395,,Kinvolk,,Technology,,1.0,182.0,,,,1,,,,,
396,,Kitware,,Technology,,1.0,46.0,,1.0,,1,,,,,
397,KHC,Kraft Heinz,Consumer Staples,,1.0,,,,,,1,,,,,
398,KR,Kroger,Consumer Staples,,1.0,,,,,,1,,,,,
399,LHX,L3Harris Technologies,Industrials,,1.0,,,,,,1,,,,,
400,,LG Electronics,,Technology,,1.0,92.0,,,,1,,,,,
401,,LINE Corporation,,Media & Telecoms,,1.0,105.0,,,,1,,,,,
402,LKQ,LKQ Corporation,Consumer Discretionary,,1.0,,,,,,1,,,,,
403,LH,LabCorp,Health Care,,1.0,,,,,,1,,,,,
404,,LabKey,,Technology,,1.0,188.0,,,,1,,,,,
405,LRCX,Lam Research,Information Technology,,1.0,,,,,,1,,,,,
406,LW,Lamb Weston,Consumer Staples,,1.0,,,,,,1,,,,,
407,LVS,Las Vegas Sands,Consumer Discretionary,,1.0,,,,,,1,,,,,
408,LEG,Leggett & Platt,Consumer Discretionary,,1.0,,,,,,1,,,,,
409,LDOS,Leidos,Industrials,,1.0,,,,,,1,,,,,
410,LEN,Lennar,Consumer Discretionary,,1.0,,,,,,1,,,,,
411,,Liferay,,Technology,,1.0,21.0,,,,1,,,,,
412,,Lightcurve,,Technology,,1.0,206.0,,,,1,,,,,
413,,Linagora,,Technology,,1.0,147.0,,,,1,,,,,
414,,Linaro,,Technology,,1.0,52.0,Contribute,1.0,Direct,1,,,,,
415,LNC,Lincoln National,Financials,,1.0,,,,,,1,,,,,
416,LIN,Linde,Materials,,1.0,,,,,,1,,,,,
417,,LinkedIn,,Technology,,1.0,48.0,,1.0,,1,,,,,
418,,Linutronix,,Technology,,1.0,201.0,,,,1,,,,,
419,LYV,Live Nation Entertainment,Communication Services,,1.0,,,,,,1,,,,,
420,LMT,Lockheed Martin,Industrials,,1.0,,,,,,1,,,,,
421,L,Loews Corporation,Financials,,1.0,,,,,,1,,,,,
422,,Loodos Tech,,Technology,,1.0,244.0,,,,1,,,,,
423,LOW,Lowe's,Consumer Discretionary,,1.0,,,,,,1,,,,,
424,LUMN,Lumen Technologies,Communication Services,,1.0,,,,,,1,,,,,
425,,LunarG,,Technology,,1.0,166.0,,,,1,,,,,
426,,Luxoft,,Technology,,1.0,195.0,,,,1,,,,,
427,,Lyft,,Travel & Transport,,1.0,130.0,,,,1,,,,,
428,,Lynx,,Technology,,1.0,294.0,,,,1,,,,,
429,LYB,LyondellBasell,Materials,,1.0,,,,,,1,,,,,
430,MTB,M&T Bank,Financials,,1.0,,,,,,1,,,,,
431,MGM,MGM Resorts International,Consumer Discretionary,,1.0,,,,,,1,,,,,
432,MSCI,MSCI,Financials,,1.0,,,,,,1,,,,,
433,,Made Tech,,Technology,,1.0,145.0,,,,1,,,,,
434,,ManpowerGroup,,Technology,,1.0,283.0,,,,1,,,,,
435,,Mapbox,,Technology,,1.0,67.0,,,,1,,,,,
436,MRO,Marathon Oil,Energy,,1.0,,,,,,1,,,,,
437,MPC,Marathon Petroleum,Energy,,1.0,,,,,,1,,,,,
438,,MariaDB,,Technology,,1.0,113.0,,,,1,,,,,
439,MKTX,MarketAxess,Financials,,1.0,,,,,,1,,,,,
440,MAR,Marriott International,Consumer Discretionary,,1.0,,,,,,1,,,,,
441,MMC,Marsh & McLennan,Financials,,1.0,,,,,,1,,,,,
442,MLM,Martin Marietta Materials,Materials,,1.0,,,,,,1,,,,,
443,MAS,Masco,Industrials,,1.0,,,,,,1,,,,,
444,MA,Mastercard,Information Technology,,1.0,,,,,,1,,,,,
445,MTCH,Match Group,Communication Services,,1.0,,,,,,1,,,,,
446,,Maykin Media,,Technology,,1.0,198.0,,,,1,,,,,
447,MKC,McCormick & Company,Consumer Staples,,1.0,,,,,,1,,,,,
448,MCD,McDonald's,Consumer Discretionary,,1.0,,,,,,1,,,,,
449,MCK,McKesson Corporation,Health Care,,1.0,,,,,,1,,,,,
450,,MediaTek,,Technology,,1.0,122.0,,,,1,,,,,
451,MDT,Medtronic,Health Care,,1.0,,,,,,1,,,,,
452,,Mellanox Technologies,,Media & Telecoms,,1.0,176.0,,,,1,,,,,
453,,Mendix,,Technology,,1.0,111.0,,,,1,,,,,
454,MRK,Merck & Co.,Health Care,,1.0,,,,,,1,,,,,
455,MET,MetLife,Financials,,1.0,,,,,,1,,,,,
456,MTD,Mettler Toledo,Health Care,,1.0,,,,,,1,,,,,
457,MCHP,Microchip Technology,Information Technology,Technology,1.0,1.0,120.0,,,,1,,,,,
458,MU,Micron Technology,Information Technology,,1.0,,,,,,1,,,,,
459,MSFT,Microsoft,Information Technology,Technology,1.0,1.0,2.0,,,,1,Microsoft (Adopter),MSFT,2087771176960.0,United States,1.0
460,MAA,Mid-America Apartments,Real Estate,,1.0,,,,,,1,,,,,
461,MRNA,Moderna,Health Care,,1.0,,,,,,1,,,,,
462,MHK,Mohawk Industries,Consumer Discretionary,,1.0,,,,,,1,,,,,
463,TAP,Molson Coors Beverage Company,Consumer Staples,,1.0,,,,,,1,,,,,
464,MDLZ,Mondelez International,Consumer Staples,,1.0,,,,,,1,,,,,
465,MPWR,Monolithic Power Systems,Information Technology,,1.0,,,,,,1,,,,,
466,MNST,Monster Beverage,Consumer Staples,,1.0,,,,,,1,,,,,
467,MCO,Moody's Corporation,Financials,,1.0,,,,,,1,,,,,
468,MS,Morgan Stanley,Financials,,1.0,,,,,,1,Morgan Stanley (Adopter),MS,150626025472.0,United States,1.0
469,,Motion Picture,,Media & Telecoms,,1.0,296.0,,,,1,,,,,
470,MSI,Motorola Solutions,Information Technology,,1.0,,,,,,1,,,,,
471,,Mozilla,,Technology,,1.0,23.0,,,,1,,,,,
472,,MuleSoft,,Technology,,1.0,96.0,,,,1,,,,,
473,NRG,NRG Energy,Utilities,,1.0,,,,,,1,,,,,
474,NVR,NVR,Consumer Discretionary,,1.0,,,,,,1,,,,,
475,,NVidia,,Technology,,1.0,13.0,,,,1,,,,,
476,NXPI,NXP,Information Technology,Technology,1.0,1.0,74.0,,1.0,,1,,,,,
477,NDAQ,Nasdaq,Financials,,1.0,,,,,,1,,,,,
478,,Navigine,,Technology,,1.0,271.0,,,,1,,,,,
479,NTAP,NetApp,Information Technology,,1.0,,,Contribute,1.0,Dependent,1,Netapp (Adopter),NTAP,16616762368.0,United States,1.0
480,NFLX,Netflix,Communication Services,Media & Telecoms,1.0,1.0,77.0,,,,1,Netflix (Adopter),NFLX,85567168512.0,United States,1.0
481,,Nevion,,Media & Telecoms,,1.0,295.0,,,,1,,,,,
482,,New Relic,,Technology,,1.0,50.0,,,,1,New Relic (Adopter),NEWR,3953571584.0,United States,1.0
483,NWL,Newell Brands,Consumer Discretionary,,1.0,,,,,,1,,,,,
484,NEM,Newmont,Materials,,1.0,,,,,,1,,,,,
485,NWSA,News Corp (Class A),Communication Services,,1.0,,,,,,1,,,,,
486,NWS,News Corp (Class B),Communication Services,,1.0,,,,,,1,,,,,
487,,Nexedi,,Technology,,1.0,243.0,,,,1,,,,,
488,NEE,NextEra Energy,Utilities,,1.0,,,,,,1,,,,,
489,,Nextcloud,,Technology,,1.0,160.0,,,,1,,,,,
490,NI,NiSource,Utilities,,1.0,,,,,,1,,,,,
491,NLSN,Nielsen Holdings,Industrials,,1.0,,,,,,1,,,,,
492,NKE,Nike,Consumer Discretionary,,1.0,,,,,,1,,,,,
493,,Nordic Semiconductor,,Technology,,1.0,41.0,,1.0,,1,,,,,
494,NSC,Norfolk Southern,Industrials,,1.0,,,,,,1,,,,,
495,NTRS,Northern Trust,Financials,,1.0,,,,,,1,,,,,
496,NOC,Northrop Grumman,Industrials,,1.0,,,,,,1,,,,,
497,NLOK,NortonLifeLock,Information Technology,,1.0,,,,,,1,,,,,
498,NCLH,Norwegian Cruise Line Holdings,Consumer Discretionary,,1.0,,,,,,1,,,,,
499,NUE,Nucor,Materials,,1.0,,,,,,1,,,,,
500,,Nuxeo,,Technology,,1.0,197.0,,,,1,,,,,
501,NVDA,Nvidia,Information Technology,,1.0,,,,1.0,,1,,,,,
502,,Nymea,,Technology,,1.0,236.0,,,,1,,,,,
503,ORLY,O'Reilly Automotive,Consumer Discretionary,,1.0,,,,,,1,,,,,
504,,OCTO Technology,,Professional Services,,1.0,163.0,,,,1,,,,,
505,,ONLYOFFICE,,Technology,,1.0,71.0,,,,1,,,,,
506,,Obvious,,Professional Services,,1.0,242.0,,,,1,,,,,
507,OXY,Occidental Petroleum,Energy,,1.0,,,,,,1,,,,,
508,,Odoo,,Technology,,1.0,33.0,,1.0,,1,,,,,
509,,Okta,,Technology,,1.0,107.0,,,,1,,,,,
510,ODFL,Old Dominion Freight Line,Industrials,,1.0,,,,,,1,,,,,
511,OMC,Omnicom Group,Communication Services,,1.0,,,,,,1,,,,,
512,,OnGres,,Technology,,1.0,233.0,,,,1,,,,,
513,OKE,Oneok,Energy,,1.0,,,,,,1,,,,,
514,,Open Robotics,,Technology,,1.0,124.0,,,,1,,,,,
515,,OpenLattice,,Technology,,1.0,247.0,,,,1,,,,,
516,,Opencast Software,,Technology,,1.0,234.0,,,,1,,,,,
517,,Optum,,Healthcare & Pharma,,1.0,185.0,,,,1,Optum (Adopter),UNH,465958141952.0,United States,1.0
518,ORCL,Oracle,Information Technology,Technology,1.0,1.0,11.0,,1.0,,1,,,,,
519,,Orange,,Media & Telecoms,,1.0,68.0,,,,1,,,,,
520,OGN,Organon & Co.,Health Care,,1.0,,,,,,1,,,,,
521,,Origin,,Technology,,1.0,260.0,,,,1,,,,,
522,OTIS,Otis Worldwide,Industrials,,1.0,,,,,,1,,,,,
523,PNC,PNC Financial Services,Financials,,1.0,,,,,,1,,,,,
524,PPG,PPG Industries,Materials,,1.0,,,,,,1,,,,,
525,PPL,PPL,Utilities,,1.0,,,,,,1,,,,,
526,PTC,PTC,Information Technology,,1.0,,,,,,1,,,,,
527,,PTFS Europe,,Technology,,1.0,245.0,,,,1,,,,,
528,,PTV Group,,Technology,,1.0,268.0,,,,1,,,,,
529,PVH,PVH,Consumer Discretionary,,1.0,,,,,,1,,,,,
530,PCAR,Paccar,Industrials,,1.0,,,,,,1,,,,,
531,PKG,Packaging Corporation of America,Materials,,1.0,,,,,,1,,,,,
532,,Palantir,,Technology,,1.0,110.0,,,,1,,,,,
533,,Palo Alto Networks,,Technology,,1.0,49.0,,1.0,,1,,,,,
534,,Pantheon,,Technology,,1.0,169.0,,,,1,,,,,
535,PH,Parker-Hannifin,Industrials,,1.0,,,,,,1,,,,,
536,PYPL,PayPal,Information Technology,,1.0,,,,,,1,Paypal (Adopter),PYPL,102159556608.0,United States,1.0
537,PAYX,Paychex,Information Technology,,1.0,,,,,,1,,,,,
538,PAYC,Paycom,Information Technology,,1.0,,,,,,1,,,,,
539,PENN,Penn National Gaming,Consumer Discretionary,,1.0,,,,,,1,,,,,
540,PNR,Pentair,Industrials,,1.0,,,,,,1,,,,,
541,PBCT,People's United Financial,Financials,,1.0,,,,,,1,,,,,
542,PEP,PepsiCo,Consumer Staples,,1.0,,,,,,1,,,,,
543,,Percona,,Technology,,1.0,94.0,,,,1,,,,,
544,PKI,PerkinElmer,Health Care,,1.0,,,,,,1,,,,,
545,PFE,Pfizer,Health Care,,1.0,,,,,,1,,,,,
546,PM,Philip Morris International,Consumer Staples,,1.0,,,,,,1,,,,,
547,,Philips,,Healthcare & Pharma,,1.0,138.0,,,,1,,,,,
548,PSX,Phillips 66,Energy,,1.0,,,,,,1,,,,,
549,,Pilz,,Technology,,1.0,286.0,,,,1,,,,,
550,,PingCAP,,Technology,,1.0,95.0,,,,1,,,,,
551,PNW,Pinnacle West Capital,Utilities,,1.0,,,,,,1,,,,,
552,PXD,Pioneer Natural Resources,Energy,,1.0,,,,,,1,,,,,
553,,Pivotal,,Technology,,1.0,44.0,,1.0,,1,,,,,
554,,Pixel & Tonic,,Technology,,1.0,210.0,,,,1,,,,,
555,,Plotly,,Technology,,1.0,232.0,,,,1,,,,,
556,,Polidea,,Technology,,1.0,257.0,,,,1,,,,,
557,,Polyapp,,Technology,,1.0,297.0,,,,1,,,,,
558,POOL,Pool Corporation,Consumer Discretionary,,1.0,,,,,,1,,,,,
559,,Povio,,Technology,,1.0,289.0,,,,1,,,,,
560,PFG,Principal Financial Group,Financials,,1.0,,,,,,1,,,,,
561,PG,Procter & Gamble,Consumer Staples,,1.0,,,,,,1,,,,,
562,PGR,Progressive Corporation,Financials,,1.0,,,,,,1,,,,,
563,PLD,Prologis,Real Estate,,1.0,,,,,,1,,,,,
564,PRU,Prudential Financial,Financials,,1.0,,,,,,1,,,,,
565,PEG,Public Service Enterprise Group,Utilities,,1.0,,,,,,1,,,,,
566,PSA,Public Storage,Real Estate,,1.0,,,,,,1,,,,,
567,PHM,PulteGroup,Consumer Discretionary,,1.0,,,,,,1,,,,,
568,,Puppet,,Technology,,1.0,89.0,,,,1,,,,,
569,,Pyup,,Technology,,1.0,275.0,,,,1,,,,,
570,QRVO,Qorvo,Information Technology,,1.0,,,,,,1,,,,,
571,,Qt,,Technology,,1.0,51.0,,,,1,,,,,
572,QCOM,Qualcomm,Information Technology,,1.0,,,,,,1,Qualcomm (Adopter),QCOM,161405190144.0,United States,1.0
573,,QualityKiosk,,Technology,,1.0,288.0,,,,1,,,,,
574,PWR,Quanta Services,Industrials,,1.0,,,,,,1,,,,,
575,DGX,Quest Diagnostics,Health Care,,1.0,,,,,,1,,,,,
576,,RStudio,,Technology,,1.0,118.0,,,,1,,,,,
577,,RTE,,Energy & Utilities,,1.0,93.0,,,,1,,,,,
578,,Rackspace,,Technology,,1.0,196.0,,,,1,,,,,
579,RL,Ralph Lauren Corporation,Consumer Discretionary,,1.0,,,,,,1,,,,,
580,RJF,Raymond James Financial,Financials,,1.0,,,,,,1,,,,,
581,RTX,Raytheon Technologies,Industrials,,1.0,,,,,,1,,,,,
582,,ReTest,,Technology,,1.0,252.0,,,,1,,,,,
583,,Reaktor,,Technology,,1.0,144.0,,,,1,,,,,
584,O,Realty Income Corporation,Real Estate,,1.0,,,,,,1,,,,,
585,,Red Hat,,Technology,,1.0,3.0,,,,1,Red Hat (Adopter),IBM,120321998848.0,United States,1.0
586,REG,Regency Centers,Real Estate,,1.0,,,,,,1,,,,,
587,REGN,Regeneron Pharmaceuticals,Health Care,,1.0,,,,,,1,,,,,
588,RF,Regions Financial Corporation,Financials,,1.0,,,,,,1,,,,,
589,,Renovateapp,,Technology,,1.0,281.0,,,,1,,,,,
590,RSG,Republic Services,Industrials,,1.0,,,,,,1,,,,,
591,RMD,ResMed,Health Care,,1.0,,,,,,1,,,,,
592,RHI,Robert Half International,Industrials,,1.0,,,,,,1,,,,,
593,,Robotis,,Technology,,1.0,213.0,,,,1,,,,,
594,ROK,Rockwell Automation,Industrials,,1.0,,,,,,1,,,,,
595,ROL,Rollins,Industrials,,1.0,,,,,,1,,,,,
596,ROP,Roper Technologies,Industrials,,1.0,,,,,,1,,,,,
597,ROST,Ross Stores,Consumer Discretionary,,1.0,,,,,,1,,,,,
598,RCL,Royal Caribbean Group,Consumer Discretionary,,1.0,,,,,,1,,,,,
599,SPGI,S&P Global,Financials,,1.0,,,,,,1,,,,,
600,,SAP,,Technology,,1.0,10.0,Contribute,1.0,Beneficial,1,SAP (Adopter),SAP,116731240448.0,Germany,1.0
601,SBAC,SBA Communications,Real Estate,,1.0,,,,,,1,,,,,
602,,SBK Kontur,,Technology,,1.0,139.0,,,,1,,,,,
603,,STMicroelectronics,,Technology,,1.0,161.0,,,,1,,,,,
604,,SUSE,,Technology,,1.0,15.0,Co-Leading,1.0,Direct,1,,,,,
605,SIVB,SVB Financial,Financials,,1.0,,,,,,1,,,,,
606,,SYSOP,,Technology,,1.0,272.0,,,,1,,,,,
607,CRM,Salesforce,Information Technology,Technology,1.0,1.0,30.0,,,,1,Salesforce (Adopter),CRM,174780301312.0,United States,1.0
608,,Samsung,,Technology,,1.0,36.0,Creating,1.0,Dependent,1,,,,,
609,,Scality,,Technology,,1.0,150.0,,,,1,,,,,
610,,Scania,,Technology,,1.0,229.0,,,,1,Scania (Adopter),,,Sweden,1.0
611,SLB,Schlumberger,Energy,,1.0,,,,,,1,,,,,
612,,ScyllaDB,,Technology,,1.0,88.0,,,,1,,,,,
613,STX,Seagate Technology,Information Technology,,1.0,,,,,,1,Seagate (Adopter),STX,18084495360.0,United States,1.0
614,SEE,Sealed Air,Materials,,1.0,,,,,,1,,,,,
615,,SecOps Solutions,,Technology,,1.0,278.0,,,,1,,,,,
616,SRE,Sempra Energy,Utilities,,1.0,,,,,,1,,,,,
617,,Sentry,,Technology,,1.0,84.0,,,,1,,,,,
618,NOW,ServiceNow,Information Technology,,1.0,,,,,,1,,,,,
619,SHW,Sherwin-Williams,Materials,,1.0,,,,,,1,,,,,
620,,Shopify,,Technology,,1.0,37.0,Creating,1.0,Dependent,1,,,,,
621,,Shopkeep,,Technology,,1.0,291.0,,,,1,,,,,
622,,Shopsys,,Technology,,1.0,259.0,,,,1,,,,,
623,,Shopware,,Technology,,1.0,99.0,,,,1,,,,,
624,,SiFive,,Technology,,1.0,133.0,,,,1,,,,,
625,,Siemens,,Technology,,1.0,181.0,,,,1,Siemens (Adopter),SIEMENS.NS,10273140910.0,Germany,1.0
626,,SignalFx,,Technology,,1.0,241.0,,,,1,,,,,
627,,Silverstripe,,Technology,,1.0,192.0,,,,1,,,,,
628,SPG,Simon Property Group,Real Estate,,1.0,,,,,,1,,,,,
629,SWKS,Skyworks Solutions,Information Technology,,1.0,,,,,,1,,,,,
630,,SmartBear,,Technology,,1.0,191.0,,,,1,,,,,
631,SNA,Snap-on,Industrials,,1.0,,,,,,1,,,,,
632,,Snyk,,Technology,,1.0,75.0,,,,1,,,,,
633,,Société Générale,,"Banking, Insurance & Financial Services",,1.0,277.0,,,,1,,,,,
634,,Softwire,,Technology,,1.0,184.0,,,,1,,,,,
635,,Solita,,Technology,,1.0,142.0,,,,1,,,,,
636,,Sonarsource,,Technology,,1.0,80.0,,,,1,,,,,
637,,Sony,,Technology,,1.0,100.0,,,,1,,,,,
638,,Sonymobile,,Media & Telecoms,,1.0,239.0,,,,1,,,,,
639,SO,Southern Company,Utilities,,1.0,,,,,,1,,,,,
640,LUV,Southwest Airlines,Industrials,,1.0,,,,,,1,,,,,
641,,Splunk,,Technology,,1.0,42.0,,,,1,,,,,
642,,Spryker,,Technology,,1.0,117.0,,,,1,,,,,
643,,Square,,Technology,,1.0,69.0,,,,1,Square (Adopter),SQ,55441948672.0,United States,1.0
644,SWK,Stanley Black & Decker,Industrials,,1.0,,,,,,1,,,,,
645,SBUX,Starbucks,Consumer Discretionary,,1.0,,,,,,1,,,,,
646,STT,State Street Corporation,Financials,,1.0,,,,,,1,,,,,
647,STE,Steris,Health Care,,1.0,,,,,,1,,,,,
648,,StreamNative,,Technology,,1.0,175.0,,,,1,,,,,
649,,Stripe,,"Banking, Insurance & Financial Services",,1.0,108.0,,1.0,,1,Stripe (Adopter),,,United States,1.0
650,SYK,Stryker Corporation,Health Care,,1.0,,,,,,1,,,,,
651,,SuperSoftware,,Technology,,1.0,292.0,,,,1,,,,,
652,,Switch Software,,Technology,,1.0,250.0,,,,1,,,,,
653,SYF,Synchrony Financial,Financials,,1.0,,,,,,1,,,,,
654,SNPS,Synopsys,Information Technology,Technology,1.0,1.0,106.0,,,,1,,,,,
655,SYY,Sysco,Consumer Staples,,1.0,,,,,,1,,,,,
656,TMUS,T-Mobile US,Communication Services,,1.0,,,,,,1,,,,,
657,,T-Systems,,Professional Services,,1.0,104.0,,,,1,,,,,
658,TROW,T. Rowe Price,Financials,,1.0,,,,,,1,,,,,
659,TEL,TE Connectivity,Information Technology,,1.0,,,,,,1,,,,,
660,,TI,,Technology,,1.0,154.0,,,,1,,,,,
661,TJX,TJX Companies,Consumer Discretionary,,1.0,,,,,,1,,,,,
662,TTWO,Take-Two Interactive,Communication Services,,1.0,,,,,,1,,,,,
663,,Talan,,Professional Services,,1.0,298.0,,,,1,,,,,
664,,Talend,,Technology,,1.0,127.0,,,,1,,,,,
665,TPR,Tapestry,Consumer Discretionary,,1.0,,,,,,1,,,,,
666,TGT,Target Corporation,Consumer Discretionary,,1.0,,,,,,1,,,,,
667,,TeamDev,,Technology,,1.0,226.0,,,,1,,,,,
668,TDY,Teledyne Technologies,Industrials,,1.0,,,,,,1,,,,,
669,TFX,Teleflex,Health Care,,1.0,,,,,,1,,,,,
670,,Tencent,,Media & Telecoms,,1.0,14.0,,,,1,Tencent (Adopter),0700.HK,450660473370.0,China,1.0
671,,Tensor,,Technology,,1.0,204.0,,,,1,,,,,
672,TER,Teradyne,Information Technology,,1.0,,,,,,1,,,,,
673,TSLA,Tesla,Consumer Discretionary,,1.0,,,,,,1,,,,,
674,,Test.com,,Technology,,1.0,180.0,,,,1,,,,,
675,TXN,Texas Instruments,Information Technology,,1.0,,,,,,1,,,,,
676,TXT,Textron,Industrials,,1.0,,,,,,1,,,,,
677,COO,The Cooper Companies,Health Care,,1.0,,,,,,1,,,,,
678,,The Dextrous Web,,Public sector,,1.0,200.0,,,,1,,,,,
679,HIG,The Hartford,Financials,,1.0,,,,,,1,,,,,
680,HSY,The Hershey Company,Consumer Staples,,1.0,,,,,,1,,,,,
681,MOS,The Mosaic Company,Materials,,1.0,,,,,,1,,,,,
682,TRV,The Travelers Companies,Financials,,1.0,,,,,,1,,,,,
683,DIS,The Walt Disney Company,Communication Services,,1.0,,,,,,1,,,,,
684,,The guardian,,Media & Telecoms,,1.0,126.0,,,,1,,,,,
685,TMO,Thermo Fisher Scientific,Health Care,,1.0,,,,,,1,,,,,
686,,ThoughtWorks,,Technology,,1.0,57.0,,1.0,,1,,,,,
687,,Toucan Toco,,Technology,,1.0,256.0,,,,1,,,,,
688,TSCO,Tractor Supply Company,Consumer Discretionary,,1.0,,,,,,1,,,,,
689,TT,Trane Technologies,Industrials,,1.0,,,,,,1,,,,,
690,TDG,TransDigm Group,Industrials,,1.0,,,,,,1,,,,,
691,,Travis CI,,Technology,,1.0,190.0,,,,1,,,,,
692,TRMB,Trimble,Information Technology,,1.0,,,,,,1,,,,,
693,TFC,Truist Financial,Financials,,1.0,,,,,,1,,,,,
694,,Truss Works,,Technology,,1.0,116.0,,,,1,,,,,
695,,Twilio,,Technology,,1.0,85.0,,,,1,,,,,
696,TWTR,Twitter,Communication Services,Technology,1.0,1.0,83.0,,1.0,,1,Twitter (Adopter),TWTR,52861677568.0,United States,1.0
697,TYL,Tyler Technologies,Information Technology,,1.0,,,,,,1,,,,,
698,,Tyro,,"Banking, Insurance & Financial Services",,1.0,273.0,,,,1,,,,,
699,TSN,Tyson Foods,Consumer Staples,,1.0,,,,,,1,,,,,
700,USB,U.S. Bancorp,Financials,,1.0,,,,,,1,,,,,
701,UDR,UDR,Real Estate,,1.0,,,,,,1,,,,,
702,,Uber,,Travel & Transport,,1.0,66.0,,,,1,Uber (Adopter),UBER,51337248768.0,United States,1.0
703,ULTA,Ulta Beauty,Consumer Discretionary,,1.0,,,,,,1,,,,,
704,UAA,Under Armour (Class A),Consumer Discretionary,,1.0,,,,,,1,,,,,
705,UA,Under Armour (Class C),Consumer Discretionary,,1.0,,,,,,1,,,,,
706,,Uninvention,,Technology,,1.0,132.0,,,,1,,,,,
707,UNP,Union Pacific,Industrials,,1.0,,,,,,1,,,,,
708,UAL,United Airlines,Industrials,,1.0,,,,,,1,,,,,
709,UPS,United Parcel Service,Industrials,,1.0,,,,,,1,,,,,
710,URI,United Rentals,Industrials,,1.0,,,,,,1,,,,,
711,UNH,UnitedHealth Group,Health Care,,1.0,,,,,,1,,,,,
712,,Unity Technologies,,Technology,,1.0,35.0,,,,1,,,,,
713,UHS,Universal Health Services,Health Care,,1.0,,,,,,1,,,,,
714,VFC,VF Corporation,Consumer Discretionary,,1.0,,,,,,1,,,,,
715,,VMware,,Technology,,1.0,9.0,,,,1,VMWare (Adopter),VMW,45271941120.0,United States,1.0
716,,VTEX,,Technology,,1.0,179.0,,,,1,,,,,
717,,Vaadin,,Technology,,1.0,128.0,,,,1,,,,,
718,VLO,Valero Energy,Energy,,1.0,,,,,,1,,,,,
719,VTR,Ventas,Real Estate,,1.0,,,,,,1,,,,,
720,VRSN,Verisign,Information Technology,,1.0,,,,,,1,,,,,
721,VRSK,Verisk Analytics,Industrials,,1.0,,,,,,1,,,,,
722,VZ,Verizon Communications,Communication Services,,1.0,,,,,,1,,,,,
723,,Verizon Media,,Media & Telecoms,,1.0,86.0,Contribute,1.0,Accelerant,1,Verizon Media (Adopter),VZ,199440908288.0,United States,1.0
724,VRTX,Vertex Pharmaceuticals,Health Care,,1.0,,,,,,1,,,,,
725,VIAC,ViacomCBS,Communication Services,,1.0,,,,,,1,,,,,
726,VTRS,Viatris,Health Care,,1.0,,,,,,1,,,,,
727,V,Visa,Information Technology,,1.0,,,,,,1,,,,,
728,VNO,Vornado Realty Trust,Real Estate,,1.0,,,,,,1,,,,,
729,VMC,Vulcan Materials,Materials,,1.0,,,,,,1,,,,,
730,WRB,W. R. Berkley Corporation,Financials,,1.0,,,,,,1,,,,,
731,GWW,W. W. Grainger,Industrials,,1.0,,,,,,1,,,,,
732,WEC,WEC Energy Group,Utilities,,1.0,,,,,,1,,,,,
733,,WIX,,Technology,,1.0,56.0,,,,1,,,,,
734,,WSO2,,Technology,,1.0,79.0,Co-Leading,1.0,Direct,1,,,,,
735,WAB,Wabtec,Industrials,,1.0,,,,,,1,,,,,
736,WBA,Walgreens Boots Alliance,Consumer Staples,,1.0,,,,,,1,,,,,
737,WMT,Walmart,Consumer Staples,,1.0,,,,,,1,,,,,
738,,WarnerMedia,,Media & Telecoms,,1.0,287.0,,,,1,,,,,
739,WM,Waste Management,Industrials,,1.0,,,,,,1,,,,,
740,WAT,Waters Corporation,Health Care,,1.0,,,,,,1,,,,,
741,WFC,Wells Fargo,Financials,,1.0,,,,,,1,,,,,
742,WELL,Welltower,Real Estate,,1.0,,,,,,1,,,,,
743,WST,West Pharmaceutical Services,Health Care,,1.0,,,,,,1,,,,,
744,WRK,WestRock,Materials,,1.0,,,,,,1,,,,,
745,WDC,Western Digital,Information Technology,,1.0,,,,,,1,Western Digital (Adopter),WDC.F,20172500998.0,United States,1.0
746,WU,Western Union,Information Technology,,1.0,,,,,,1,,,,,
747,WY,Weyerhaeuser,Real Estate,,1.0,,,,,,1,,,,,
748,WHR,Whirlpool Corporation,Consumer Discretionary,,1.0,,,,,,1,,,,,
749,WMB,Williams Companies,Energy,,1.0,,,,,,1,,,,,
750,WLTW,Willis Towers Watson,Financials,,1.0,,,,,,1,,,,,
751,,Wind River,,Technology,,1.0,97.0,,,,1,Windriver (Adopter),,,United States,1.0
752,,Wire,,Technology,,1.0,152.0,,,,1,,,,,
753,,WolfVision,,Technology,,1.0,284.0,,,,1,,,,,
754,WYNN,Wynn Resorts,Consumer Discretionary,,1.0,,,,,,1,,,,,
755,,XWiki SAS,,Technology,,1.0,228.0,,,,1,,,,,
756,XEL,Xcel Energy,Utilities,,1.0,,,,,,1,,,,,
757,XLNX,Xilinx,Information Technology,,1.0,,,,,,1,Xilinx (Adopter),XLNX.VI,48653168008.0,United States,1.0
758,XYL,Xylem,Industrials,,1.0,,,,,,1,,,,,
759,,Yahoo,,Technology,,1.0,205.0,,,,1,,,,,
760,,Yandex,,Technology,,1.0,39.0,,,,1,,,,,
761,,Yoast,,Technology,,1.0,164.0,,,,1,,,,,
762,YUM,Yum! Brands,Consumer Discretionary,,1.0,,,,,,1,,,,,
763,,Yunion,,Technology,,1.0,253.0,,,,1,,,,,
764,,Zalando,,Technology,,1.0,151.0,,,,1,Zalando (Adopter),ZAL.DE,10103234230.0,Germany,1.0
765,ZBRA,Zebra Technologies,Information Technology,,1.0,,,,,,1,,,,,
766,ZBH,Zimmer Biomet,Health Care,,1.0,,,,,,1,,,,,
767,ZION,Zions Bancorp,Financials,,1.0,,,,,,1,,,,,
768,ZTS,Zoetis,Health Care,,1.0,,,,,,1,,,,,
769,,commercetools,,Technology,,1.0,240.0,,,,1,,,,,
770,,datavisyn,,Healthcare & Pharma,,1.0,194.0,,,,1,,,,,
771,EBAY,eBay,Consumer Discretionary,,1.0,,,,,,1,eBay (Adopter),EBAY,30270382080.0,United States,1.0
772,,eyeo,,Technology,,1.0,219.0,,,,1,,,,,
773,,feenk,,Technology,,1.0,265.0,,,,1,,,,,
774,,iXsystems,,Technology,,1.0,215.0,,,,1,,,,,
775,,itemis,,Technology,,1.0,220.0,,,,1,,,,,
776,,metas,,Technology,,1.0,280.0,,,,1,,,,,
777,,mongoDB,,Technology,,1.0,28.0,,,,1,,,,,
778,,mySociety,,Professional Services,,1.0,225.0,,,,1,,,,,
779,,plentymarkets,,Technology,,1.0,159.0,,,,1,,,,,
780,,tweag.io,,Technology,,1.0,156.0,,,,1,,,,,
781,,what.,,Technology,,1.0,279.0,,,,1,,,,,
782,,SAIC,,,,,,Combining,1.0,Accelerant,1,,,,,
783,,Vapor IO,,,,,,Co-Leading,1.0,Accelerant,1,,,,,
784,,CapitalOne,,,,,,Contribute,1.0,Accelerant,1,,,,,
785,,Datadog,,,,,,Contribute,1.0,Accelerant,1,Datadog (Adopter),DDOG,33496272896.0,United States,1.0
786,,Toyota ,,,,,,Contribute,1.0,Accelerant,1,,,,,
787,,PayPal ,,,,,,Combining,1.0,Beneficial,1,,,,,
788,,FannieMae,,,,,,Combining,1.0,Beneficial,1,,,,,
789,,Dell,,,,,,Co-Leading,1.0,Beneficial,1,,,,,
790,,Cloudflare,,,,,,Contribute,1.0,Dependent,1,,,,,
791,,VA Linux Systems Japan,,,,,,Contribute,1.0,Dependent,1,,,,,
792,,Zalando ,,,,,,Creating,1.0,Dependent,1,,,,,
793,,Blockstream,,,,,,Creating,1.0,Dependent,1,,,,,
794,,Gilt,,,,,,Combining,1.0,Dependent,1,,,,,
795,,Walmart Labs ,,,,,,Co-Leading,1.0,Dependent,1,,,,,
796,,Change Healthcare,,,,,,Contribute,1.0,Dependent,1,Change Healthcare (Adopter),CHNG,7388748800.0,United States,1.0
797,,here,,,,,,Combining,1.0,Dependent,1,,,,,
798,,MSFT ,,,,,,Co-Leading,1.0,Dependent,1,,,,,
799,,Two Sigma,,,,,,Contribute,1.0,Dependent,1,Two Sigma (Adopter),,,United States,1.0
800,,Eleme,,,,,,Combining,1.0,Dependent,1,,,,,
801,,Box,,,,,,Contribute,1.0,Dependent,1,Box (Adopter),BOX,4402399744.0,United States,1.0
802,,Artsy,,,,,,Contribute,1.0,Dependent,1,,,,,
803,,Scania ,,,,,,Combining,1.0,Dependent,1,,,,,
804,,Mozilla ,,,,,,Co-Leading,1.0,Dependent,1,,,,,
805,,DiDi Chuxing,,,,,,Contribute,1.0,Dependent,1,,,,,
806,,Autodesk ,,,,,,Contribute,1.0,Dependent,1,,,,,
807,,Guardian,,,,,,Creating,1.0,Dependent,1,,,,,
808,,Khan Academy,,,,,,Creating,1.0,Dependent,1,Khan Academy (Adopter),,,United States,1.0
809,,Uber ,,,,,,Co-Leading,1.0,Dependent,1,,,,,
810,,Wipro ,,,,,,Co-Leading,1.0,Dependent,1,,,,,
811,,GitLab ,,,,,,Co-Leading,1.0,Direct,1,,,,,
812,,MongoDB,,,,,,Co-Leading,1.0,Direct,1,,,,,
813,,Chef (now owned by Progress Software),,,,,,Co-Leading,1.0,Direct,1,,,,,
814,,RedHat ,,,,,,Co-Leading,1.0,Direct,1,,,,,
815,,Qualcomm ,,,,,,Contribute,1.0,Promotional,1,,,,,
816,,Numenta,,,,,,Creating,1.0,Promotional,1,,,,,
817,,SauceLabs,,,,,,,1.0,,1,,,,,
818,,Facebook ,,,,,,,1.0,,1,,,,,
819,,Accenture Global Services,,,,,,,1.0,,1,,,,,
820,,Amazon/AWS,,,,,,,1.0,,1,,,,,
821,,ARM ,,,,,,,1.0,,1,,,,,
822,,CFBP,,,,,,,1.0,,1,,,,,
823,,Deutsche Bahn ,,,,,,,1.0,,1,,,,,
824,,DigitalOcean ,,,,,,,1.0,,1,,,,,
825,,Dropbox,,,,,,,1.0,,1,Dropbox (Adopter),DBX,8088215040.0,United States,1.0
826,,EBay,,,,,,,1.0,,1,,,,,
827,,Elastic ,,,,,,,1.0,,1,,,,,
828,,Ericsson ,,,,,,,1.0,,1,,,,,
829,,Expedia,,,,,,,1.0,,1,,,,,
830,,Fidelity ,,,,,,,1.0,,1,,,,,
831,,FreddieMac,,,,,,,1.0,,1,,,,,
832,,Fujitsu,,,,,,,1.0,,1,,,,,
833,,GoDaddy,,,,,,,1.0,,1,,,,,
834,,Hitachi,,,,,,,1.0,,1,,,,,
835,,HP Enterprise ,,,,,,,1.0,,1,,,,,
836,,Indeed,,,,,,,1.0,,1,Indeed (Adopter),,,United States,1.0
837,,Intel ,,,,,,,1.0,,1,,,,,
838,,John Hopkins University ,,,,,,,1.0,,1,,,,,
839,,Juniper,,,,,,,1.0,,1,,,,,
840,,Liferay ,,,,,,,1.0,,1,,,,,
841,,Morgan Stanley ,,,,,,,1.0,,1,,,,,
842,,National Instruments ,,,,,,,1.0,,1,,,,,
843,,NEC,,,,,,,1.0,,1,,,,,
844,,Netflix ,,,,,,,1.0,,1,,,,,
845,,NewRelic,,,,,,,1.0,,1,,,,,
846,,Nokia,,,,,,,1.0,,1,Nokia (Adopter),,,Finland,1.0
847,,OSGeo,,,,,,,1.0,,1,,,,,
848,,Panasonic,,,,,,,1.0,,1,,,,,
849,,Pinterest,,,,,,,1.0,,1,Pinterest (Adopter),PINS,14732684288.0,United States,1.0
850,,Porsche,,,,,,,1.0,,1,Porsche (Adopter),,,Germany,1.0
851,,Proyecto26,,,,,,,1.0,,1,,,,,
852,,Qingcloud,,,,,,,1.0,,1,,,,,
853,,QT,,,,,,,1.0,,1,,,,,
854,,Renesas Electronics Corporation,,,,,,,1.0,,1,,,,,
855,,Rochester Institute of Technology ,,,,,,,1.0,,1,,,,,
856,,SalesForce,,,,,,,1.0,,1,,,,,
857,,Seagate,,,,,,,1.0,,1,,,,,
858,,Slack,,,,,,,1.0,,1,Slack (Adopter),WORK,26519519232.0,United States,1.0
859,,Sony Group Corp,,,,,,,1.0,,1,,,,,
860,,Splunk ,,,,,,,1.0,,1,,,,,
861,,Spotify ,,,,,,,1.0,,1,,,,,
862,,Square ,,,,,,,1.0,,1,,,,,
863,,Target,,,,,,,1.0,,1,Target (Adopter),TGT,107702190080.0,United States,1.0
864,,Tencent ,,,,,,,1.0,,1,,,,,
865,,Toshiba,,,,,,,1.0,,1,,,,,
866,,Unity Technologies ,,,,,,,1.0,,1,,,,,
867,,University of Santa Cruz,,,,,,,1.0,,1,,,,,
868,,US Bank,,,,,,,1.0,,1,US Bank (Adopter),USB,73341526016.0,United States,1.0
869,,VMWare ,,,,,,,1.0,,1,,,,,
870,,WeBank,,,,,,,1.0,,1,,,,,
871,,Western Digital ,,,,,,,1.0,,1,,,,,
872,,Wikimedia ,,,,,,,1.0,,1,,,,,
873,,Wix,,,,,,,1.0,,1,,,,,
874,,XILinx,,,,,,,1.0,,1,,,,,
875,,Yandex ,,,,,,,1.0,,1,,,,,
876,,Yelp,,,,,,,1.0,,1,,,,,
877,,Aiven,,,,,,,,,1,Aiven (Adopter),,,Finland,1.0
878,,Alibaba Group,,,,,,,,,1,Alibaba (Adopter),9988.HK,269228400660.0,China,1.0
879,,Alliander,,,,,,,,,1,Alliander (Adopter),,,The Netherlands,1.0
880,,Arm Holdings,,,,,,,,,1,ARM (Adopter),,,United Kingdom,1.0
881,,Avanade,,,,,,,,,1,Avanade (Adopter),MSFT,2087771176960.0,United States,1.0
882,,AWS,,,,,,,,,1,AWS (Adopter),,,United States,1.0
883,,Itau Unibanco,,,,,,,,,1,Banco Itaú (Adopter),,,Brazil,1.0
884,,Bayerische Motoren Werke,,,,,,,,,1,BMW (Adopter),,,Germany,1.0
885,,The Boeing Company,,,,,,,,,1,Boeing (Adopter),BA,90352099328.0,United States,1.0
886,,Capital One,,,,,,,,,1,Capital One (Adopter),COF,51953790976.0,United States,1.0
887,,Chef Software,,,,,,,,,1,Chef (Adopter),,,United States,1.0
888,,China Mobile,,,,,,,,,1,China  Mobile (Adopter),600941.SS,142667235837.0,China,1.0
889,,Cisco,,,,,,,,,1,Cisco (Adopter),CSCO,208227778560.0,United States,1.0
890,,Dell Technologies,,,,,,,,,1,Dell Technologies (Adopter),,,United States,1.0
891,,Deutsche Bahn,,,,,,,,,1,Deutsche Bahn (Adopter),,,Germany,1.0
892,,Didi Labs,,,,,,,,,1,Didi (Adopter),,,United States,1.0
893,,DigitalOcean,,,,,,,,,1,DigitalOcean (Adopter),DOCN,4048072704.0,United States,1.0
894,,EPAM Systems,,,,,,,,,1,EPAM (Adopter),EPAM,16812038144.0,United States,1.0
895,,Esri,,,,,,,,,1,ESRI (Adopter),,,United States,1.0
896,,F5,,,,,,,,,1,F5 (Adopter),FFIV,10502849536.0,United States,1.0
897,,Fannie Mae,,,,,,,,,1,Fannie Mae (Adopter),FNMA,888533120.0,United States,1.0
898,,Freddie Mac,,,,,,,,,1,Freddie Mac (Adopter),FMCC,485659840.0,United States,1.0
899,,HCL Software,,,,,,,,,1,HCL Software (Adopter),,,India,1.0
900,,HERE Technologies Chicago,,,,,,,,,1,Here Technologies (Adopter),,,United States,1.0
901,,Huawei Technologies,,,,,,,,,1,Huawei (Adopter),,,China,1.0
902,,ITRenew,,,,,,,,,1,ITRenew (Adopter),,,United States,1.0
903,,Johns Hopkins Applied Physics Lab,,,,,,,,,1,John Hopkins University (Adopter),,,United States,1.0
904,,Juniper Innovating Travel Technology,,,,,,,,,1,Juniper (Adopter),,,Spain,1.0
905,,Meta,,,,,,,,,1,Meta (Adopter),FB,565512634368.0,United States,1.0
906,,National Instruments,,,,,,,,,1,National Instruments (Adopter),NATI,4715076608.0,United States,1.0
907,,NGINX,,,,,,,,,1,NGINX (Adopter),,,United States,1.0
908,,QingCloud,,,,,,,,,1,Qingcloud (Adopter),688316.SS,220846282.0,China,1.0
909,,Rochester Institute of Technology,,,,,,,,,1,Rochester Institute of Technology (Adopter),,,United States,1.0
910,,Samsung Pay,,,,,,,,,1,Samsung (Adopter),,,United States,1.0
911,,Sauce Labs,,,,,,,,,1,Sauce Labs (Adopter),,,United States,1.0
912,,Spotify,,,,,,,,,1,Spotify (Adopter),SPOT,20336121856.0,Sweden,1.0
913,,Toyota Motor,,,,,,,,,1,Toyota (Adopter),TM,237550780416.0,Japan,1.0
914,,"Trinity College, Dublin",,,,,,,,,1,Trinity College Dublin (Adopter),,,Ireland,1.0
915,,"University of California, Santa Cruz",,,,,,,,,1,University of Santa Cruz (Adopter),,,United States,1.0
916,,Walmart Labs,,,,,,,,,1,WalmartLabs (Adopter),WMT,421450645504.0,United States,1.0
917,,Wayfair,,,,,,,,,1,Wayfair (Adopter),W,9014573056.0,United States,1.0
918,,Wipro Technologies,,,,,,,,,1,Wipro (Adopter),WIPRO.NS,35257622179.0,India,1.0
