symbol,company,country,sector,listed,in_sp500,in_ospo,in_osci,in_suzy,osci_position,os_engagement,relevance,count_rows,ospo_status,symbol_ospo,market_cap
MMM,3M,United States,Industrials,S&P 500,1.0,,,,,,,1,,,
Private,4teamwork,Switzerland,Technology,Private,0.0,,1.0,,285.0,,,1,,,
Private,5minds,Germany,Technology,Private,0.0,,1.0,,276.0,,,1,,,
AOS,A. O. Smith,United States,Industrials,S&P 500,1.0,,,,,,,1,,,
ADM,ADM,United States,Consumer Staples,S&P 500,1.0,,,,,,,1,,,
AES,AES Corp,United States,Utilities,S&P 500,1.0,,,,,,,1,,,
AMD,AMD,United States,Technology,NASDAQ,0.0,,1.0,1.0,31.0,,,1,,,
APA,APA Corporation,United States,Energy,S&P 500,1.0,,,,,,,1,,,
ARM,ARM,United Kingdom,Technology,London SE,0.0,,1.0,,22.0,,,1,,,
T,AT&T,United States,Communication Services,S&P 500,1.0,,,1.0,,Co-Leading,Accelerant,1,,,
ABBV,AbbVie,United States,Healthcare & Pharma,S&P 500,1.0,,,,,,,1,,,
ABT,Abbott Laboratories,United States,Healthcare & Pharma,S&P 500,1.0,,,,,,,1,,,
Private,Abilian,France,Technology,Private,0.0,,1.0,,263.0,,,1,,,
ABMD,Abiomed,United States,Healthcare & Pharma,S&P 500,1.0,,,,,,,1,,,
ACN,Accenture,United States,Technology,S&P 500,1.0,,1.0,,47.0,,,1,,,
Private,Acsone,Belgium,Technology,Private,0.0,,1.0,,157.0,,,1,,,
ATVI,Activision Blizzard,United States,Communication Services,S&P 500,1.0,,,,,,,1,,,
Private,Ad Hoc,United States,Technology,Private,0.0,,1.0,,119.0,,,1,,,
Private,Adguard,United States,Technology,Private,0.0,,1.0,,149.0,,,1,,,
ADBE,Adobe,United States,Technology,S&P 500,1.0,1.0,1.0,1.0,17.0,Contribute,Dependent,1,Adobe (Adopter),ADBE,188740124672.0
AAP,Advance Auto Parts,United States,Consumer Discretionary,S&P 500,1.0,,,,,,,1,,,
AMD,Advanced Micro Devices,United States,Technology,S&P 500,1.0,,,,,,,1,,,
AFL,Aflac,United States,"Banking, Insurance & Financial Services ",S&P 500,1.0,,,,,,,1,,,
Private,Agaric,United States,Technology,Private,0.0,,1.0,,274.0,,,1,,,
A,Agilent Technologies,United States,Healthcare & Pharma,S&P 500,1.0,,,,,,,1,,,
APD,Air Products & Chemicals,United States,Materials,S&P 500,1.0,,,,,,,1,,,
AKAM,Akamai Technologies,United States,Technology,S&P 500,1.0,,,,,,,1,,,
,Akvelon,,Technology,,0.0,,1.0,,146.0,,,1,,,
ALK,Alaska Air Group,United States,Industrials,S&P 500,1.0,,,,,,,1,,,
ALB,Albemarle Corporation,United States,Materials,S&P 500,1.0,,,,,,,1,,,
ARE,Alexandria Real Estate Equities,United States,Real Estate,S&P 500,1.0,,,,,,,1,,,
,Alfresco,,Technology,,0.0,,1.0,,165.0,,,1,,,
,Algolia,,Technology,,0.0,,1.0,,212.0,,,1,,,
,Alibaba,,Technology,,0.0,,1.0,1.0,16.0,,,1,,,
ALGN,Align Technology,United States,Healthcare & Pharma,S&P 500,1.0,,,,,,,1,,,
ALLE,Allegion,United States,Industrials,S&P 500,1.0,,,,,,,1,,,
LNT,Alliant Energy,United States,Utilities,S&P 500,1.0,,,,,,,1,,,
ALL,Allstate Corp,United States,"Banking, Insurance & Financial Services ",S&P 500,1.0,,,,,,,1,,,
GOOGL,Alphabet (Class A),United States,Communication Services,S&P 500,1.0,,,,,,,1,,,
GOOG,Alphabet (Class C),United States,Communication Services,S&P 500,1.0,,,,,,,1,,,
MO,Altria Group,United States,Consumer Staples,S&P 500,1.0,,,,,,,1,,,
AMZN,Amazon,United States,Consumer Discretionary,S&P 500,1.0,,1.0,,6.0,,,1,,,
AMCR,Amcor,United States,Materials,S&P 500,1.0,,,,,,,1,,,
AEE,Ameren Corp,United States,Utilities,S&P 500,1.0,,,,,,,1,,,
AAL,American Airlines Group,United States,Industrials,S&P 500,1.0,,,,,,,1,,,
AEP,American Electric Power,United States,Utilities,S&P 500,1.0,,,,,,,1,,,
AXP,American Express,United States,"Banking, Insurance & Financial Services ",S&P 500,1.0,,,,,,,1,,,
AIG,American International Group,United States,"Banking, Insurance & Financial Services ",S&P 500,1.0,,,,,,,1,,,
AMT,American Tower,United States,Real Estate,S&P 500,1.0,,,,,,,1,,,
AWK,American Water Works,United States,Utilities,S&P 500,1.0,,,,,,,1,,,
AMP,Ameriprise Financial,United States,"Banking, Insurance & Financial Services ",S&P 500,1.0,,,,,,,1,,,
ABC,AmerisourceBergen,United States,Healthcare & Pharma,S&P 500,1.0,,,,,,,1,,,
AME,Ametek,United States,Industrials,S&P 500,1.0,,,,,,,1,,,
AMGN,Amgen,United States,Healthcare & Pharma,S&P 500,1.0,,,,,,,1,,,
APH,Amphenol,United States,Technology,S&P 500,1.0,,,,,,,1,,,
ADI,Analog Devices,United States,Technology,S&P 500,1.0,,1.0,,73.0,,,1,,,
,Andela,,Technology,,0.0,,1.0,,261.0,,,1,,,
ANSS,Ansys,United States,Technology,S&P 500,1.0,,,,,,,1,,,
,Ant Financial,,"Banking, Insurance & Financial Services",,0.0,,1.0,,143.0,,,1,,,
ANTM,Anthem,United States,Healthcare & Pharma,S&P 500,1.0,,,,,,,1,,,
,Antmicro,,Technology,,0.0,,1.0,,115.0,,,1,,,
AON,Aon,United States,"Banking, Insurance & Financial Services ",S&P 500,1.0,,,,,,,1,,,
AAPL,Apple,United States,Technology,S&P 500,1.0,1.0,1.0,1.0,24.0,Co-Leading,Dependent,1,Apple (Adopter),AAPL,2608140386304.0
AMAT,Applied Materials,United States,Technology,S&P 500,1.0,,,,,,,1,,,
APTV,Aptiv,United States,Consumer Discretionary,S&P 500,1.0,,,,,,,1,,,
,ArangoDB,,Technology,,0.0,,1.0,,158.0,,,1,,,
,Arbisoft,,Technology,,0.0,,1.0,,129.0,,,1,,,
ANET,Arista Networks,United States,Technology,S&P 500,1.0,,,,,,,1,,,
AJG,Arthur J. Gallagher & Co.,United States,"Banking, Insurance & Financial Services ",S&P 500,1.0,,,,,,,1,,,
AIZ,Assurant,United States,"Banking, Insurance & Financial Services ",S&P 500,1.0,,,,,,,1,,,
,Atlassian,,Technology,,0.0,,1.0,,61.0,,,1,,,
ATO,Atmos Energy,United States,Utilities,S&P 500,1.0,,,,,,,1,,,
,Atomist,,Technology,,0.0,,1.0,,254.0,,,1,,,
,Atypon,,Technology,,0.0,,1.0,,255.0,,,1,,,
AZO,AutoZone,United States,Consumer Discretionary,S&P 500,1.0,,,,,,,1,,,
ADSK,Autodesk,United States,Technology,S&P 500,1.0,1.0,1.0,,98.0,,,1,Autodesk (Adopter),ADSK,41994772480.0
ADP,Automatic Data Processing,United States,Technology,S&P 500,1.0,,,,,,,1,,,
,Automattic,,Technology,,0.0,,1.0,1.0,38.0,,,1,,,
,Autonomous,,Technology,,0.0,,1.0,,230.0,,,1,,,
AVB,AvalonBay Communities,United States,Real Estate,S&P 500,1.0,,,,,,,1,,,
AVY,Avery Dennison,United States,Materials,S&P 500,1.0,,,,,,,1,,,
,Azavea,,Technology,,0.0,,1.0,,183.0,,,1,,,
,B2CK,,Technology,,0.0,,1.0,,269.0,,,1,,,
,BBC,,Media & Telecoms,,0.0,,1.0,,103.0,,,1,,,
,BJISS,,Professional Services,,0.0,,1.0,,140.0,,,1,,,
BK,BNY Mellon,United States,"Banking, Insurance & Financial Services ",S&P 500,1.0,,,,,,,1,,,
,Baidu,China,Technology,,0.0,1.0,1.0,1.0,32.0,,,1,Baidu (Adopter),9888.HK,43146259694.0
BKR,Baker Hughes,United States,Energy,S&P 500,1.0,,,,,,,1,,,
,Balena,,Technology,,0.0,,1.0,,134.0,,,1,,,
BLL,Ball Corp,United States,Materials,S&P 500,1.0,,,,,,,1,,,
BAC,Bank of America,United States,"Banking, Insurance & Financial Services ",S&P 500,1.0,,,1.0,,Combining,Beneficial,1,,,
BBWI,Bath & Body Works Inc.,United States,Consumer Discretionary,S&P 500,1.0,,,,,,,1,,,
BAX,Baxter International,United States,Healthcare & Pharma,S&P 500,1.0,,,,,,,1,,,
BDX,Becton Dickinson,United States,Healthcare & Pharma,S&P 500,1.0,,,,,,,1,,,
,Belledonne Communications,,Media & Telecoms,,0.0,,1.0,,199.0,,,1,,,
BRK.B,Berkshire Hathaway,United States,"Banking, Insurance & Financial Services ",S&P 500,1.0,,,,,,,1,,,
BBY,Best Buy,United States,Consumer Discretionary,S&P 500,1.0,,,,,,,1,,,
,Binary Group,,Professional Services,,0.0,,1.0,,235.0,,,1,,,
BIO,Bio-Rad Laboratories,United States,Healthcare & Pharma,S&P 500,1.0,,,,,,,1,,,
TECH,Bio-Techne,United States,Healthcare & Pharma,S&P 500,1.0,,,,,,,1,,,
BIIB,Biogen,United States,Healthcare & Pharma,S&P 500,1.0,,,,,,,1,,,
,Bitnami,,Technology,,0.0,,1.0,,238.0,,,1,,,
,Bitrise,,Technology,,0.0,,1.0,,177.0,,,1,,,
,Bjerk,,Technology,,0.0,,1.0,,249.0,,,1,,,
BLK,BlackRock,United States,"Banking, Insurance & Financial Services ",S&P 500,1.0,1.0,,1.0,,Contribute,Dependent,1,BlackRock (Adopter),BLK,96751116288.0
,Block.one,,Technology,,0.0,,1.0,,189.0,,,1,,,
,Blockchain Foundry,,Technology,,0.0,,1.0,,282.0,,,1,,,
,Bloomberg,United States,"Banking, Insurance & Financial Services",,0.0,1.0,1.0,1.0,82.0,Co-Leading,Dependent,1,Bloomberg (Adopter),,
BA,Boeing,United States,Industrials,S&P 500,1.0,,,,,,,1,,,
BKNG,Booking Holdings,United States,Consumer Discretionary,S&P 500,1.0,,,,,,,1,,,
,Bootlin,,Technology,,0.0,,1.0,,209.0,,,1,,,
BWA,BorgWarner,United States,Consumer Discretionary,S&P 500,1.0,,,,,,,1,,,
,Bosch,Germany,Technology,,0.0,1.0,1.0,1.0,45.0,Co-Leading,Dependent,1,Bosch (Adopter),,
BXP,Boston Properties,United States,Real Estate,S&P 500,1.0,,,,,,,1,,,
BSX,Boston Scientific,United States,Healthcare & Pharma,S&P 500,1.0,,,,,,,1,,,
,Brave,,Technology,,0.0,,1.0,,123.0,,,1,,,
BMY,Bristol Myers Squibb,United States,Healthcare & Pharma,S&P 500,1.0,,,,,,,1,,,
AVGO,Broadcom,United States,Technology,S&P 500,1.0,,1.0,,70.0,,,1,,,
BR,Broadridge Financial Solutions,United States,Technology,S&P 500,1.0,,,,,,,1,,,
BRO,Brown & Brown,United States,"Banking, Insurance & Financial Services ",S&P 500,1.0,,,,,,,1,,,
BF.B,Brown–Forman,United States,Consumer Staples,S&P 500,1.0,,,,,,,1,,,
,Buoyant,,Technology,,0.0,,1.0,,222.0,,,1,,,
,Buro Happold,,Professional Services,,0.0,,1.0,,172.0,,,1,,,
CHRW,C. H. Robinson,United States,Industrials,S&P 500,1.0,,,,,,,1,,,
CBRE,CBRE,United States,Real Estate,S&P 500,1.0,,,,,,,1,,,
CDW,CDW,United States,Technology,S&P 500,1.0,,,,,,,1,,,
CF,CF Industries,United States,Materials,S&P 500,1.0,,,,,,,1,,,
,CGI,,Technology,,0.0,,1.0,,76.0,,,1,,,
,CKSource,,Technology,,0.0,,1.0,,171.0,,,1,,,
CME,CME Group,United States,"Banking, Insurance & Financial Services ",S&P 500,1.0,,,,,,,1,,,
CMS,CMS Energy,United States,Utilities,S&P 500,1.0,,,,,,,1,,,
,CS Group,,Technology,,0.0,,1.0,,231.0,,,1,,,
CSX,CSX,United States,Industrials,S&P 500,1.0,,,,,,,1,,,
CVS,CVS Health,United States,Healthcare & Pharma,S&P 500,1.0,,,,,,,1,,,
CDNS,Cadence Design Systems,United States,Technology,S&P 500,1.0,,,,,,,1,,,
CZR,Caesars Entertainment,United States,Consumer Discretionary,S&P 500,1.0,,,,,,,1,,,
CPB,Campbell Soup,United States,Consumer Staples,S&P 500,1.0,,,,,,,1,,,
,Camptocamp,,Technology,,0.0,,1.0,,87.0,,,1,,,
,Camunda,Germany,Technology,,0.0,1.0,1.0,,112.0,,,1,Camunda (Adopter),,
,Canonical,,Technology,,0.0,,1.0,1.0,29.0,,,1,,,
CAP,Capgemini,France,Technology,Euronext Paris,0.0,,1.0,,58.0,,,1,,,
COF,Capital One Financial,United States,"Banking, Insurance & Financial Services ",S&P 500,1.0,,,,,,,1,,,
KMX,CarMax,United States,Consumer Discretionary,S&P 500,1.0,,,,,,,1,,,
CAH,Cardinal Health,United States,Healthcare & Pharma,S&P 500,1.0,,,,,,,1,,,
CCL,Carnival Corporation,United States,Consumer Discretionary,S&P 500,1.0,,,,,,,1,,,
CARR,Carrier Global,United States,Industrials,S&P 500,1.0,,,,,,,1,,,
CTLT,Catalent,United States,Healthcare & Pharma,S&P 500,1.0,,,,,,,1,,,
CAT,Caterpillar,United States,Industrials,S&P 500,1.0,,,,,,,1,,,
CBOE,Cboe Global Markets,United States,"Banking, Insurance & Financial Services ",S&P 500,1.0,,,,,,,1,,,
CE,Celanese,United States,Materials,S&P 500,1.0,,,,,,,1,,,
CNC,Centene Corporation,United States,Healthcare & Pharma,S&P 500,1.0,,,,,,,1,,,
CNP,CenterPoint Energy,United States,Utilities,S&P 500,1.0,,,,,,,1,,,
,Centreon,,Technology,,0.0,,1.0,,155.0,,,1,,,
CDAY,Ceridian,United States,Technology,S&P 500,1.0,,,,,,,1,,,
CERN,Cerner,United States,Healthcare & Pharma,S&P 500,1.0,,,,,,,1,,,
CRL,Charles River Laboratories,United States,Healthcare & Pharma,S&P 500,1.0,,,,,,,1,,,
SCHW,Charles Schwab Corporation,United States,"Banking, Insurance & Financial Services ",S&P 500,1.0,,,,,,,1,,,
CHTR,Charter Communications,United States,Communication Services,S&P 500,1.0,,,,,,,1,,,
,Chef,,Technology,,0.0,,1.0,,187.0,,,1,,,
CVX,Chevron Corporation,United States,Energy,S&P 500,1.0,,,,,,,1,,,
CMG,Chipotle Mexican Grill,United States,Consumer Discretionary,S&P 500,1.0,,,,,,,1,,,
CB,Chubb,United States,"Banking, Insurance & Financial Services ",S&P 500,1.0,,,,,,,1,,,
CHD,Church & Dwight,United States,Consumer Staples,S&P 500,1.0,,,,,,,1,,,
CI,Cigna,United States,Healthcare & Pharma,S&P 500,1.0,,,,,,,1,,,
CINF,Cincinnati Financial,United States,"Banking, Insurance & Financial Services ",S&P 500,1.0,,,,,,,1,,,
CTAS,Cintas Corporation,United States,Industrials,S&P 500,1.0,,,,,,,1,,,
,CircleCI,,Technology,,0.0,,1.0,,102.0,,,1,,,
CSCO,Cisco Systems,United States,Technology,S&P 500,1.0,,1.0,1.0,25.0,Co-Leading,Dependent,1,,,
C,Citigroup,United States,"Banking, Insurance & Financial Services ",S&P 500,1.0,,,,,,,1,,,
CFG,Citizens Financial Group,United States,"Banking, Insurance & Financial Services ",S&P 500,1.0,,,,,,,1,,,
,Citrix,,Technology,,0.0,,1.0,1.0,131.0,,,1,,,
CTXS,Citrix Systems,United States,Technology,S&P 500,1.0,,,,,,,1,,,
CLX,Clorox,United States,Consumer Staples,S&P 500,1.0,,,,,,,1,,,
,CloudCannon,,Technology,,0.0,,1.0,,217.0,,,1,,,
,Cloudbees,,Technology,,0.0,,1.0,,153.0,,,1,,,
,Cloudera,,Technology,,0.0,,1.0,1.0,55.0,,,1,,,
,Cloudfare,,Technology,,0.0,,1.0,,72.0,,,1,,,
KO,Coca-Cola Company,United States,Consumer Staples,S&P 500,1.0,,,,,,,1,,,
,Cockroachlabs,,Technology,,0.0,,1.0,,64.0,,,1,,,
CTSH,Cognizant Technology Solutions,United States,Technology,S&P 500,1.0,,,,,,,1,,,
CL,Colgate-Palmolive,United States,Consumer Staples,S&P 500,1.0,,,,,,,1,,,
,Collabora,,Technology,,0.0,,1.0,,62.0,,,1,,,
CMCSA,Comcast,United States,Communication Services,S&P 500,1.0,1.0,,1.0,,Co-Leading,Accelerant,1,Comcast (Adopter),CMCSA,180723613696.0
CMA,Comerica,United States,"Banking, Insurance & Financial Services ",S&P 500,1.0,,,,,,,1,,,
CAG,Conagra Brands,United States,Consumer Staples,S&P 500,1.0,,,,,,,1,,,
,Confluent,,Technology,,0.0,,1.0,,59.0,,,1,,,
COP,ConocoPhillips,United States,Energy,S&P 500,1.0,,,,,,,1,,,
,ConsenSys,,Technology,,0.0,,1.0,,109.0,,,1,,,
ED,Consolidated Edison,United States,Utilities,S&P 500,1.0,,,,,,,1,,,
STZ,Constellation Brands,United States,Consumer Staples,S&P 500,1.0,,,,,,,1,,,
CPRT,Copart,United States,Industrials,S&P 500,1.0,,,,,,,1,,,
GLW,Corning,United States,Technology,S&P 500,1.0,,,,,,,1,,,
CTVA,Corteva,United States,Materials,S&P 500,1.0,,,,,,,1,,,
COST,Costco,United States,Consumer Staples,S&P 500,1.0,,,,,,,1,,,
CTRA,Coterra,United States,Energy,S&P 500,1.0,,,,,,,1,,,
,Couchbase,,Technology,,0.0,,1.0,,60.0,,,1,,,
,Cozy,,Technology,,0.0,,1.0,,193.0,,,1,,,
CCI,Crown Castle,United States,Real Estate,S&P 500,1.0,,,,,,,1,,,
CMI,Cummins,United States,Industrials,S&P 500,1.0,,,,,,,1,,,
DHI,D. R. Horton,United States,Consumer Discretionary,S&P 500,1.0,,,,,,,1,,,
,D2L,,Technology,,0.0,,1.0,,167.0,,,1,,,
,D2iQ,,Technology,,0.0,,1.0,,227.0,,,1,,,
DTE,DTE Energy,United States,Utilities,S&P 500,1.0,,,,,,,1,,,
DXC,DXC Technology,United States,Technology,S&P 500,1.0,,,,,,,1,,,
DVA,DaVita,United States,Healthcare & Pharma,S&P 500,1.0,,,,,,,1,,,
DHR,Danaher Corporation,United States,Healthcare & Pharma,S&P 500,1.0,,,,,,,1,,,
DRI,Darden Restaurants,United States,Consumer Discretionary,S&P 500,1.0,,,,,,,1,,,
,Datadoghq,,Technology,,0.0,,1.0,,26.0,,,1,,,
,Decred,,Technology,,0.0,,1.0,,251.0,,,1,,,
DE,Deere & Co.,United States,Industrials,S&P 500,1.0,,,,,,,1,,,
DAL,Delta Air Lines,United States,Industrials,S&P 500,1.0,,,,,,,1,,,
XRAY,Dentsply Sirona,United States,Healthcare & Pharma,S&P 500,1.0,,,,,,,1,,,
,Devexperts,,Technology,,0.0,,1.0,,267.0,,,1,,,
DVN,Devon Energy,United States,Energy,S&P 500,1.0,,,,,,,1,,,
,Devox Software,,Technology,,0.0,,1.0,,293.0,,,1,,,
DXCM,DexCom,United States,Healthcare & Pharma,S&P 500,1.0,,,,,,,1,,,
FANG,Diamondback Energy,United States,Energy,S&P 500,1.0,,,,,,,1,,,
,Digital Asset,,"Banking, Insurance & Financial Services",,0.0,,1.0,,125.0,,,1,,,
,Digital Bazaar,,Technology,,0.0,,1.0,,221.0,,,1,,,
DLR,Digital Realty Trust,United States,Real Estate,S&P 500,1.0,,,,,,,1,,,
,Dimagi,,Technology,,0.0,,1.0,,170.0,,,1,,,
DFS,Discover Financial Services,United States,"Banking, Insurance & Financial Services ",S&P 500,1.0,,,,,,,1,,,
DISCA,Discovery (Series A),United States,Communication Services,S&P 500,1.0,,,,,,,1,,,
DISCK,Discovery (Series C),United States,Communication Services,S&P 500,1.0,,,,,,,1,,,
DISH,Dish Network,United States,Communication Services,S&P 500,1.0,,,,,,,1,,,
,Docker,,Technology,,0.0,,1.0,1.0,148.0,,,1,,,
DG,Dollar General,United States,Consumer Discretionary,S&P 500,1.0,,,,,,,1,,,
DLTR,Dollar Tree,United States,Consumer Discretionary,S&P 500,1.0,,,,,,,1,,,
D,Dominion Energy,United States,Utilities,S&P 500,1.0,,,,,,,1,,,
DPZ,Domino's Pizza,United States,Consumer Discretionary,S&P 500,1.0,,,,,,,1,,,
DOV,Dover Corporation,United States,Industrials,S&P 500,1.0,,,,,,,1,,,
DOW,Dow,United States,Materials,S&P 500,1.0,,,,,,,1,,,
DD,DuPont,United States,Materials,S&P 500,1.0,,,,,,,1,,,
DUK,Duke Energy,United States,Utilities,S&P 500,1.0,,,,,,,1,,,
DRE,Duke Realty Corp,United States,Real Estate,S&P 500,1.0,,,,,,,1,,,
,Dynatrace,United States,Technology,,0.0,1.0,1.0,,78.0,,,1,Dynatrace (Adopter),DT,11136910336.0
EOG,EOG Resources,United States,Energy,S&P 500,1.0,,,,,,,1,,,
,EPAM,,Technology,,0.0,,1.0,1.0,19.0,,,1,,,
,ESRI,,Technology,,0.0,,1.0,1.0,53.0,Contribute,Dependent,1,,,
,East Agile,,Technology,,0.0,,1.0,,266.0,,,1,,,
EMN,Eastman Chemical,United States,Materials,S&P 500,1.0,,,,,,,1,,,
ETN,Eaton Corporation,United States,Industrials,S&P 500,1.0,,,,,,,1,,,
ECL,Ecolab,United States,Materials,S&P 500,1.0,,,,,,,1,,,
EIX,Edison International,United States,Utilities,S&P 500,1.0,,,,,,,1,,,
EW,Edwards Lifesciences,United States,Healthcare & Pharma,S&P 500,1.0,,,,,,,1,,,
,Eficent,,Professional Services,,0.0,,1.0,,218.0,,,1,,,
,Elastic,United States,Technology,,0.0,1.0,1.0,,18.0,,,1,Elastic (Adopter),ESTC,6596107264.0
EA,Electronic Arts,United States,Communication Services,S&P 500,1.0,,,,,,,1,,,
LLY,Eli Lilly & Co,United States,Healthcare & Pharma,S&P 500,1.0,,,,,,,1,,,
EMR,Emerson Electric Company,United States,Industrials,S&P 500,1.0,,,,,,,1,,,
,Enalean,,Technology,,0.0,,1.0,,202.0,,,1,,,
,Endlessm,,Technology,,0.0,,1.0,,214.0,,,1,,,
ENPH,Enphase Energy,United States,Technology,S&P 500,1.0,,,,,,,1,,,
ETR,Entergy,United States,Utilities,S&P 500,1.0,,,,,,,1,,,
EFX,Equifax,United States,Industrials,S&P 500,1.0,,,,,,,1,,,
EQIX,Equinix,United States,Real Estate,S&P 500,1.0,1.0,,,,,,1,Equinix (Adopter),EQIX,65114263552.0
,Equinor,,Energy & Utilities,,0.0,,1.0,,65.0,,,1,,,
EQR,Equity Residential,United States,Real Estate,S&P 500,1.0,,,,,,,1,,,
,Ericsson,Sweden,Media & Telecoms,,0.0,1.0,1.0,,91.0,,,1,Ericsson (Adopter),ERIC,27222110208.0
,Espressif,,Technology,,0.0,,1.0,,43.0,,,1,,,
ESS,Essex Property Trust,United States,Real Estate,S&P 500,1.0,,,,,,,1,,,
EL,Estée Lauder Companies,United States,Consumer Staples,S&P 500,1.0,,,,,,,1,,,
ETSY,Etsy,United States,Consumer Discretionary,S&P 500,1.0,,,,,,,1,,,
,EuroLinux,,Technology,,0.0,,1.0,,270.0,,,1,,,
RE,Everest Re,United States,"Banking, Insurance & Financial Services ",S&P 500,1.0,,,,,,,1,,,
EVRG,Evergy,United States,Utilities,S&P 500,1.0,,,,,,,1,,,
ES,Eversource Energy,United States,Utilities,S&P 500,1.0,,,,,,,1,,,
EXC,Exelon,United States,Utilities,S&P 500,1.0,,,,,,,1,,,
,Exoplatform,,Technology,,0.0,,1.0,,136.0,,,1,,,
EXPE,Expedia Group,United States,Consumer Discretionary,S&P 500,1.0,,1.0,,101.0,,,1,,,
EXPD,Expeditors,United States,Industrials,S&P 500,1.0,,,,,,,1,,,
EXR,Extra Space Storage,United States,Real Estate,S&P 500,1.0,,,,,,,1,,,
XOM,ExxonMobil,United States,Energy,S&P 500,1.0,,,,,,,1,,,
FFIV,F5 Networks,United States,Technology,S&P 500,1.0,,,,,,,1,,,
FMC,FMC Corporation,United States,Materials,S&P 500,1.0,,,,,,,1,,,
FB,Facebook,United States,Communication Services,S&P 500,1.0,,1.0,,7.0,,,1,,,
FAST,Fastenal,United States,Industrials,S&P 500,1.0,,,,,,,1,,,
FDX,FedEx,United States,Industrials,S&P 500,1.0,,,,,,,1,,,
FRT,Federal Realty Investment Trust,United States,Real Estate,S&P 500,1.0,,,,,,,1,,,
FIS,Fidelity National Information Services,United States,Technology,S&P 500,1.0,,,,,,,1,,,
FITB,Fifth Third Bancorp,United States,"Banking, Insurance & Financial Services ",S&P 500,1.0,,,,,,,1,,,
,Financial Times,,Media & Telecoms,,0.0,,1.0,,186.0,,,1,,,
,Finbourne,,"Banking, Insurance & Financial Services",,0.0,,1.0,,207.0,,,1,,,
FRC,First Republic Bank,United States,"Banking, Insurance & Financial Services ",S&P 500,1.0,,,,,,,1,,,
FE,FirstEnergy,United States,Utilities,S&P 500,1.0,,,,,,,1,,,
FISV,Fiserv,United States,Technology,S&P 500,1.0,,,,,,,1,,,
,Flatiron school,,Education,,0.0,,1.0,,208.0,,,1,,,
FLT,Fleetcor,United States,Technology,S&P 500,1.0,,,,,,,1,,,
F,Ford,United States,Consumer Discretionary,S&P 500,1.0,,,,,,,1,,,
,Forestry.io,,Technology,,0.0,,1.0,,224.0,,,1,,,
FTNT,Fortinet,United States,Technology,S&P 500,1.0,,,,,,,1,,,
FTV,Fortive,United States,Industrials,S&P 500,1.0,,,,,,,1,,,
FBHS,Fortune Brands Home & Security,United States,Industrials,S&P 500,1.0,,,,,,,1,,,
FOXA,Fox Corporation (Class A),United States,Communication Services,S&P 500,1.0,,,,,,,1,,,
FOX,Fox Corporation (Class B),United States,Communication Services,S&P 500,1.0,,,,,,,1,,,
BEN,Franklin Resources,United States,"Banking, Insurance & Financial Services ",S&P 500,1.0,,,,,,,1,,,
FCX,Freeport-McMoRan,United States,Materials,S&P 500,1.0,,,,,,,1,,,
,Galera Cluster,,Technology,,0.0,,1.0,,237.0,,,1,,,
GPS,Gap,United States,Consumer Discretionary,S&P 500,1.0,,,,,,,1,,,
GRMN,Garmin,United States,Consumer Discretionary,S&P 500,1.0,,,,,,,1,,,
IT,Gartner,United States,Technology,S&P 500,1.0,,,,,,,1,,,
,GatsbyJS,,Technology,,0.0,,1.0,,223.0,,,1,,,
GNRC,Generac Holdings,United States,Industrials,S&P 500,1.0,,,,,,,1,,,
GD,General Dynamics,United States,Industrials,S&P 500,1.0,,,,,,,1,,,
GE,General Electric,United States,Industrials,S&P 500,1.0,,,,,,,1,,,
GIS,General Mills,United States,Consumer Staples,S&P 500,1.0,,,,,,,1,,,
GM,General Motors,United States,Consumer Discretionary,S&P 500,1.0,,,,,,,1,,,
GPC,Genuine Parts,United States,Consumer Discretionary,S&P 500,1.0,,,,,,,1,,,
,Giant Swarm,,Technology,,0.0,,1.0,,162.0,,,1,,,
GILD,Gilead Sciences,United States,Healthcare & Pharma,S&P 500,1.0,,,,,,,1,,,
,GitHub,United States,Technology,,0.0,1.0,1.0,1.0,8.0,Co-Leading,Dependent,1,GitHub (Adopter),MSFT,2087771176960.0
,GitLab,United States,Technology,,0.0,1.0,1.0,,27.0,,,1,GitLab (Adopter),GTLB,7085699072.0
,GitLab,China,Technology,,0.0,1.0,1.0,,27.0,,,1,JiHu(GitLab) (Adopter),,
GPN,Global Payments,United States,Technology,S&P 500,1.0,,,,,,,1,,,
GL,Globe Life,United States,"Banking, Insurance & Financial Services ",S&P 500,1.0,,,,,,,1,,,
,Gofore,,Technology,,0.0,,1.0,,114.0,,,1,,,
,Golden Dimension,,"Banking, Insurance & Financial Services",,0.0,,1.0,,264.0,,,1,,,
GS,Goldman Sachs,United States,"Banking, Insurance & Financial Services ",S&P 500,1.0,1.0,1.0,1.0,248.0,,,1,Goldman Sachs (Adopter),GS,107847974912.0
,Google,United States,Technology,,0.0,1.0,1.0,1.0,1.0,,,1,Google (Adopter),GOOG,1524992311296.0
,Gradle,,Technology,,0.0,,1.0,,121.0,,,1,,,
,Grafana,,Technology,,0.0,,1.0,,54.0,,,1,,,
,Graylog,,Technology,,0.0,,1.0,,178.0,,,1,,,
,H2O.ai,,Technology,,0.0,,1.0,,174.0,,,1,,,
HCA,HCA Healthcare,United States,Healthcare & Pharma,S&P 500,1.0,,,,,,,1,,,
,HERE,,Technology,,0.0,,1.0,,137.0,,,1,,,
HPQ,HP,United States,Technology,S&P 500,1.0,,,,,,,1,,,
HAL,Halliburton,United States,Energy,S&P 500,1.0,,,,,,,1,,,
HBI,Hanesbrands,United States,Consumer Discretionary,S&P 500,1.0,,,,,,,1,,,
HAS,Hasbro,United States,Consumer Discretionary,S&P 500,1.0,,,,,,,1,,,
,HashiCorp,,Technology,,0.0,,1.0,1.0,34.0,,,1,,,
PEAK,Healthpeak Properties,United States,Real Estate,S&P 500,1.0,,,,,,,1,,,
HSIC,Henry Schein,United States,Healthcare & Pharma,S&P 500,1.0,,,,,,,1,,,
HES,Hess Corporation,United States,Energy,S&P 500,1.0,,,,,,,1,,,
HPE,Hewlett Packard Enterprise,United States,Technology,S&P 500,1.0,1.0,1.0,,40.0,,,1,HPE (Adopter),HPE,20440801280.0
HLT,Hilton Worldwide,United States,Consumer Discretionary,S&P 500,1.0,,,,,,,1,,,
HOLX,Hologic,United States,Healthcare & Pharma,S&P 500,1.0,,,,,,,1,,,
HD,Home Depot,United States,Consumer Discretionary,S&P 500,1.0,,,,,,,1,,,
HON,Honeywell,United States,Industrials,S&P 500,1.0,,,,,,,1,,,
HRL,Hormel,United States,Consumer Staples,S&P 500,1.0,,,,,,,1,,,
HST,Host Hotels & Resorts,United States,Real Estate,S&P 500,1.0,,,,,,,1,,,
HWM,Howmet Aerospace,United States,Industrials,S&P 500,1.0,,,,,,,1,,,
,Huawei,,Media & Telecoms,,0.0,,1.0,1.0,12.0,,,1,,,
HUM,Humana,United States,Healthcare & Pharma,S&P 500,1.0,,,,,,,1,,,
HBAN,Huntington Bancshares,United States,"Banking, Insurance & Financial Services ",S&P 500,1.0,,,,,,,1,,,
HII,Huntington Ingalls Industries,United States,Industrials,S&P 500,1.0,,,,,,,1,,,
IBM,IBM,United States,Technology,S&P 500,1.0,1.0,1.0,1.0,5.0,,,1,IBM (Adopter),IBM,120321998848.0
IEX,IDEX Corporation,United States,Industrials,S&P 500,1.0,,,,,,,1,,,
INFO,IHS Markit,United States,Industrials,S&P 500,1.0,,,,,,,1,,,
IPGP,IPG Photonics,United States,Technology,S&P 500,1.0,,,,,,,1,,,
IQV,IQVIA,United States,Healthcare & Pharma,S&P 500,1.0,,,,,,,1,,,
IDXX,Idexx Laboratories,United States,Healthcare & Pharma,S&P 500,1.0,,,,,,,1,,,
,Igalia,,Professional Services,,0.0,,1.0,,90.0,,,1,,,
ITW,Illinois Tool Works,United States,Industrials,S&P 500,1.0,,,,,,,1,,,
ILMN,Illumina,United States,Healthcare & Pharma,S&P 500,1.0,,,,,,,1,,,
,Improbable,,Technology,,0.0,,1.0,,168.0,,,1,,,
INCY,Incyte,United States,Healthcare & Pharma,S&P 500,1.0,,,,,,,1,,,
,Indexdata,,Technology,,0.0,,1.0,,211.0,,,1,,,
,Infosiftr,,Technology,,0.0,,1.0,,262.0,,,1,,,
,Infragistics,,Technology,,0.0,,1.0,,173.0,,,1,,,
IR,Ingersoll Rand,United States,Industrials,S&P 500,1.0,,,,,,,1,,,
,Insolar Technologies,,Technology,,0.0,,1.0,,290.0,,,1,,,
,Instructure,,Technology,,0.0,,1.0,,81.0,,,1,,,
INTC,Intel,United States,Technology,S&P 500,1.0,1.0,1.0,,4.0,,,1,Intel (Adopter),INTC,183187193856.0
ICE,Intercontinental Exchange,United States,"Banking, Insurance & Financial Services ",S&P 500,1.0,,,,,,,1,,,
IFF,International Flavors & Fragrances,United States,Materials,S&P 500,1.0,,,,,,,1,,,
IP,International Paper,United States,Materials,S&P 500,1.0,,,,,,,1,,,
IPG,Interpublic Group,United States,Communication Services,S&P 500,1.0,,,,,,,1,,,
INTU,Intuit,United States,Technology,S&P 500,1.0,,,,,,,1,,,
ISRG,Intuitive Surgical,United States,Healthcare & Pharma,S&P 500,1.0,,,,,,,1,,,
IVZ,Invesco,United States,"Banking, Insurance & Financial Services ",S&P 500,1.0,,,,,,,1,,,
,Iohk,,Technology,,0.0,,1.0,,63.0,,,1,,,
IRM,Iron Mountain,United States,Real Estate,S&P 500,1.0,,,,,,,1,,,
JBHT,J. B. Hunt,United States,Industrials,S&P 500,1.0,,,,,,,1,,,
SJM,JM Smucker,United States,Consumer Staples,S&P 500,1.0,,,,,,,1,,,
JPM,JPMorgan Chase,United States,"Banking, Insurance & Financial Services ",S&P 500,1.0,,,,,,,1,,,
JKHY,Jack Henry & Associates,United States,Technology,S&P 500,1.0,,,,,,,1,,,
J,Jacobs Engineering Group,United States,Industrials,S&P 500,1.0,,,,,,,1,,,
,JankariTech,,Technology,,0.0,,1.0,,258.0,,,1,,,
,JetBrains,,Technology,,0.0,,1.0,1.0,20.0,Co-Leading,Promotional,1,,,
JNJ,Johnson & Johnson,United States,Healthcare & Pharma,S&P 500,1.0,,,,,,,1,,,
JCI,Johnson Controls,United States,Industrials,S&P 500,1.0,,,,,,,1,,,
,Joyent,,Technology,,0.0,,1.0,,246.0,,,1,,,
,Julia Computing,,Technology,,0.0,,1.0,,203.0,,,1,,,
JNPR,Juniper Networks,United States,Technology,S&P 500,1.0,,,,,,,1,,,
KLAC,KLA Corporation,United States,Technology,S&P 500,1.0,,,,,,,1,,,
,Kainos,,Technology,,0.0,,1.0,,141.0,,,1,,,
,Kakao,,Media & Telecoms,,0.0,,1.0,,216.0,,,1,,,
,Kaltura,,Technology,,0.0,,1.0,,135.0,,,1,,,
KSU,Kansas City Southern,United States,Industrials,S&P 500,1.0,,,,,,,1,,,
K,Kellogg's,United States,Consumer Staples,S&P 500,1.0,,,,,,,1,,,
KEY,KeyCorp,United States,"Banking, Insurance & Financial Services ",S&P 500,1.0,,,,,,,1,,,
KEYS,Keysight Technologies,United States,Technology,S&P 500,1.0,,,,,,,1,,,
KMB,Kimberly-Clark,United States,Consumer Staples,S&P 500,1.0,,,,,,,1,,,
KIM,Kimco Realty,United States,Real Estate,S&P 500,1.0,,,,,,,1,,,
KMI,Kinder Morgan,United States,Energy,S&P 500,1.0,,,,,,,1,,,
,Kinvolk,,Technology,,0.0,,1.0,,182.0,,,1,,,
,Kitware,,Technology,,0.0,,1.0,1.0,46.0,,,1,,,
KHC,Kraft Heinz,United States,Consumer Staples,S&P 500,1.0,,,,,,,1,,,
KR,Kroger,United States,Consumer Staples,S&P 500,1.0,,,,,,,1,,,
LHX,L3Harris Technologies,United States,Industrials,S&P 500,1.0,,,,,,,1,,,
,LG Electronics,,Technology,,0.0,,1.0,,92.0,,,1,,,
,LINE Corporation,,Media & Telecoms,,0.0,,1.0,,105.0,,,1,,,
LKQ,LKQ Corporation,United States,Consumer Discretionary,S&P 500,1.0,,,,,,,1,,,
LH,LabCorp,United States,Healthcare & Pharma,S&P 500,1.0,,,,,,,1,,,
,LabKey,,Technology,,0.0,,1.0,,188.0,,,1,,,
LRCX,Lam Research,United States,Technology,S&P 500,1.0,,,,,,,1,,,
LW,Lamb Weston,United States,Consumer Staples,S&P 500,1.0,,,,,,,1,,,
LVS,Las Vegas Sands,United States,Consumer Discretionary,S&P 500,1.0,,,,,,,1,,,
LEG,Leggett & Platt,United States,Consumer Discretionary,S&P 500,1.0,,,,,,,1,,,
LDOS,Leidos,United States,Industrials,S&P 500,1.0,,,,,,,1,,,
LEN,Lennar,United States,Consumer Discretionary,S&P 500,1.0,,,,,,,1,,,
,Liferay,,Technology,,0.0,,1.0,,21.0,,,1,,,
,Lightcurve,,Technology,,0.0,,1.0,,206.0,,,1,,,
,Linagora,,Technology,,0.0,,1.0,,147.0,,,1,,,
,Linaro,,Technology,,0.0,,1.0,1.0,52.0,Contribute,Direct,1,,,
LNC,Lincoln National,United States,"Banking, Insurance & Financial Services ",S&P 500,1.0,,,,,,,1,,,
LIN,Linde,United States,Materials,S&P 500,1.0,,,,,,,1,,,
,LinkedIn,,Technology,,0.0,,1.0,1.0,48.0,,,1,,,
,Linutronix,,Technology,,0.0,,1.0,,201.0,,,1,,,
LYV,Live Nation Entertainment,United States,Communication Services,S&P 500,1.0,,,,,,,1,,,
LMT,Lockheed Martin,United States,Industrials,S&P 500,1.0,,,,,,,1,,,
L,Loews Corporation,United States,"Banking, Insurance & Financial Services ",S&P 500,1.0,,,,,,,1,,,
,Loodos Tech,,Technology,,0.0,,1.0,,244.0,,,1,,,
LOW,Lowe's,United States,Consumer Discretionary,S&P 500,1.0,,,,,,,1,,,
LUMN,Lumen Technologies,United States,Communication Services,S&P 500,1.0,,,,,,,1,,,
,LunarG,,Technology,,0.0,,1.0,,166.0,,,1,,,
,Luxoft,,Technology,,0.0,,1.0,,195.0,,,1,,,
,Lyft,,Travel & Transport,,0.0,,1.0,,130.0,,,1,,,
,Lynx,,Technology,,0.0,,1.0,,294.0,,,1,,,
LYB,LyondellBasell,United States,Materials,S&P 500,1.0,,,,,,,1,,,
MTB,M&T Bank,United States,"Banking, Insurance & Financial Services ",S&P 500,1.0,,,,,,,1,,,
MGM,MGM Resorts International,United States,Consumer Discretionary,S&P 500,1.0,,,,,,,1,,,
MSCI,MSCI,United States,"Banking, Insurance & Financial Services ",S&P 500,1.0,,,,,,,1,,,
,Made Tech,,Technology,,0.0,,1.0,,145.0,,,1,,,
,ManpowerGroup,,Technology,,0.0,,1.0,,283.0,,,1,,,
,Mapbox,,Technology,,0.0,,1.0,,67.0,,,1,,,
MRO,Marathon Oil,United States,Energy,S&P 500,1.0,,,,,,,1,,,
MPC,Marathon Petroleum,United States,Energy,S&P 500,1.0,,,,,,,1,,,
,MariaDB,,Technology,,0.0,,1.0,,113.0,,,1,,,
MKTX,MarketAxess,United States,"Banking, Insurance & Financial Services ",S&P 500,1.0,,,,,,,1,,,
MAR,Marriott International,United States,Consumer Discretionary,S&P 500,1.0,,,,,,,1,,,
MMC,Marsh & McLennan,United States,"Banking, Insurance & Financial Services ",S&P 500,1.0,,,,,,,1,,,
MLM,Martin Marietta Materials,United States,Materials,S&P 500,1.0,,,,,,,1,,,
MAS,Masco,United States,Industrials,S&P 500,1.0,,,,,,,1,,,
MA,Mastercard,United States,Technology,S&P 500,1.0,,,,,,,1,,,
MTCH,Match Group,United States,Communication Services,S&P 500,1.0,,,,,,,1,,,
,Maykin Media,,Technology,,0.0,,1.0,,198.0,,,1,,,
MKC,McCormick & Company,United States,Consumer Staples,S&P 500,1.0,,,,,,,1,,,
MCD,McDonald's,United States,Consumer Discretionary,S&P 500,1.0,,,,,,,1,,,
MCK,McKesson Corporation,United States,Healthcare & Pharma,S&P 500,1.0,,,,,,,1,,,
,MediaTek,,Technology,,0.0,,1.0,,122.0,,,1,,,
MDT,Medtronic,United States,Healthcare & Pharma,S&P 500,1.0,,,,,,,1,,,
,Mellanox Technologies,,Media & Telecoms,,0.0,,1.0,,176.0,,,1,,,
,Mendix,,Technology,,0.0,,1.0,,111.0,,,1,,,
MRK,Merck & Co.,United States,Healthcare & Pharma,S&P 500,1.0,,,,,,,1,,,
MET,MetLife,United States,"Banking, Insurance & Financial Services ",S&P 500,1.0,,,,,,,1,,,
MTD,Mettler Toledo,United States,Healthcare & Pharma,S&P 500,1.0,,,,,,,1,,,
MCHP,Microchip Technology,United States,Technology,S&P 500,1.0,,1.0,,120.0,,,1,,,
MU,Micron Technology,United States,Technology,S&P 500,1.0,,,,,,,1,,,
MSFT,Microsoft,United States,Technology,S&P 500,1.0,1.0,1.0,,2.0,,,1,Microsoft (Adopter),MSFT,2087771176960.0
MAA,Mid-America Apartments,United States,Real Estate,S&P 500,1.0,,,,,,,1,,,
MRNA,Moderna,United States,Healthcare & Pharma,S&P 500,1.0,,,,,,,1,,,
MHK,Mohawk Industries,United States,Consumer Discretionary,S&P 500,1.0,,,,,,,1,,,
TAP,Molson Coors Beverage Company,United States,Consumer Staples,S&P 500,1.0,,,,,,,1,,,
MDLZ,Mondelez International,United States,Consumer Staples,S&P 500,1.0,,,,,,,1,,,
MPWR,Monolithic Power Systems,United States,Technology,S&P 500,1.0,,,,,,,1,,,
MNST,Monster Beverage,United States,Consumer Staples,S&P 500,1.0,,,,,,,1,,,
MCO,Moody's Corporation,United States,"Banking, Insurance & Financial Services ",S&P 500,1.0,,,,,,,1,,,
MS,Morgan Stanley,United States,"Banking, Insurance & Financial Services ",S&P 500,1.0,1.0,,,,,,1,Morgan Stanley (Adopter),MS,150626025472.0
,Motion Picture,,Media & Telecoms,,0.0,,1.0,,296.0,,,1,,,
MSI,Motorola Solutions,United States,Technology,S&P 500,1.0,,,,,,,1,,,
,Mozilla,,Technology,,0.0,,1.0,,23.0,,,1,,,
,MuleSoft,,Technology,,0.0,,1.0,,96.0,,,1,,,
NRG,NRG Energy,United States,Utilities,S&P 500,1.0,,,,,,,1,,,
NVR,NVR,United States,Consumer Discretionary,S&P 500,1.0,,,,,,,1,,,
,NVidia,,Technology,,0.0,,1.0,,13.0,,,1,,,
NXPI,NXP,United States,Technology,S&P 500,1.0,,1.0,1.0,74.0,,,1,,,
NDAQ,Nasdaq,United States,"Banking, Insurance & Financial Services ",S&P 500,1.0,,,,,,,1,,,
,Navigine,,Technology,,0.0,,1.0,,271.0,,,1,,,
NTAP,NetApp,United States,Technology,S&P 500,1.0,1.0,,1.0,,Contribute,Dependent,1,Netapp (Adopter),NTAP,16616762368.0
NFLX,Netflix,United States,Communication Services,S&P 500,1.0,1.0,1.0,,77.0,,,1,Netflix (Adopter),NFLX,85567168512.0
,Nevion,,Media & Telecoms,,0.0,,1.0,,295.0,,,1,,,
,New Relic,United States,Technology,,0.0,1.0,1.0,,50.0,,,1,New Relic (Adopter),NEWR,3953571584.0
NWL,Newell Brands,United States,Consumer Discretionary,S&P 500,1.0,,,,,,,1,,,
NEM,Newmont,United States,Materials,S&P 500,1.0,,,,,,,1,,,
NWSA,News Corp (Class A),United States,Communication Services,S&P 500,1.0,,,,,,,1,,,
NWS,News Corp (Class B),United States,Communication Services,S&P 500,1.0,,,,,,,1,,,
,Nexedi,,Technology,,0.0,,1.0,,243.0,,,1,,,
NEE,NextEra Energy,United States,Utilities,S&P 500,1.0,,,,,,,1,,,
,Nextcloud,,Technology,,0.0,,1.0,,160.0,,,1,,,
NI,NiSource,United States,Utilities,S&P 500,1.0,,,,,,,1,,,
NLSN,Nielsen Holdings,United States,Industrials,S&P 500,1.0,,,,,,,1,,,
NKE,Nike,United States,Consumer Discretionary,S&P 500,1.0,,,,,,,1,,,
,Nordic Semiconductor,,Technology,,0.0,,1.0,1.0,41.0,,,1,,,
NSC,Norfolk Southern,United States,Industrials,S&P 500,1.0,,,,,,,1,,,
NTRS,Northern Trust,United States,"Banking, Insurance & Financial Services ",S&P 500,1.0,,,,,,,1,,,
NOC,Northrop Grumman,United States,Industrials,S&P 500,1.0,,,,,,,1,,,
NLOK,NortonLifeLock,United States,Technology,S&P 500,1.0,,,,,,,1,,,
NCLH,Norwegian Cruise Line Holdings,United States,Consumer Discretionary,S&P 500,1.0,,,,,,,1,,,
NUE,Nucor,United States,Materials,S&P 500,1.0,,,,,,,1,,,
,Nuxeo,,Technology,,0.0,,1.0,,197.0,,,1,,,
NVDA,Nvidia,United States,Technology,S&P 500,1.0,,,1.0,,,,1,,,
,Nymea,,Technology,,0.0,,1.0,,236.0,,,1,,,
ORLY,O'Reilly Automotive,United States,Consumer Discretionary,S&P 500,1.0,,,,,,,1,,,
,OCTO Technology,,Professional Services,,0.0,,1.0,,163.0,,,1,,,
,ONLYOFFICE,,Technology,,0.0,,1.0,,71.0,,,1,,,
,Obvious,,Professional Services,,0.0,,1.0,,242.0,,,1,,,
OXY,Occidental Petroleum,United States,Energy,S&P 500,1.0,,,,,,,1,,,
,Odoo,,Technology,,0.0,,1.0,1.0,33.0,,,1,,,
,Okta,,Technology,,0.0,,1.0,,107.0,,,1,,,
ODFL,Old Dominion Freight Line,United States,Industrials,S&P 500,1.0,,,,,,,1,,,
OMC,Omnicom Group,United States,Communication Services,S&P 500,1.0,,,,,,,1,,,
,OnGres,,Technology,,0.0,,1.0,,233.0,,,1,,,
OKE,Oneok,United States,Energy,S&P 500,1.0,,,,,,,1,,,
,Open Robotics,,Technology,,0.0,,1.0,,124.0,,,1,,,
,OpenLattice,,Technology,,0.0,,1.0,,247.0,,,1,,,
,Opencast Software,,Technology,,0.0,,1.0,,234.0,,,1,,,
,Optum,United States,Healthcare & Pharma,,0.0,1.0,1.0,,185.0,,,1,Optum (Adopter),UNH,465958141952.0
ORCL,Oracle,United States,Technology,S&P 500,1.0,,1.0,1.0,11.0,,,1,,,
,Orange,,Media & Telecoms,,0.0,,1.0,,68.0,,,1,,,
OGN,Organon & Co.,United States,Healthcare & Pharma,S&P 500,1.0,,,,,,,1,,,
,Origin,,Technology,,0.0,,1.0,,260.0,,,1,,,
OTIS,Otis Worldwide,United States,Industrials,S&P 500,1.0,,,,,,,1,,,
PNC,PNC Financial Services,United States,"Banking, Insurance & Financial Services ",S&P 500,1.0,,,,,,,1,,,
PPG,PPG Industries,United States,Materials,S&P 500,1.0,,,,,,,1,,,
PPL,PPL,United States,Utilities,S&P 500,1.0,,,,,,,1,,,
PTC,PTC,United States,Technology,S&P 500,1.0,,,,,,,1,,,
,PTFS Europe,,Technology,,0.0,,1.0,,245.0,,,1,,,
,PTV Group,,Technology,,0.0,,1.0,,268.0,,,1,,,
PVH,PVH,United States,Consumer Discretionary,S&P 500,1.0,,,,,,,1,,,
PCAR,Paccar,United States,Industrials,S&P 500,1.0,,,,,,,1,,,
PKG,Packaging Corporation of America,United States,Materials,S&P 500,1.0,,,,,,,1,,,
,Palantir,,Technology,,0.0,,1.0,,110.0,,,1,,,
,Palo Alto Networks,,Technology,,0.0,,1.0,1.0,49.0,,,1,,,
,Pantheon,,Technology,,0.0,,1.0,,169.0,,,1,,,
PH,Parker-Hannifin,United States,Industrials,S&P 500,1.0,,,,,,,1,,,
PYPL,PayPal,United States,Technology,S&P 500,1.0,1.0,,,,,,1,Paypal (Adopter),PYPL,102159556608.0
PAYX,Paychex,United States,Technology,S&P 500,1.0,,,,,,,1,,,
PAYC,Paycom,United States,Technology,S&P 500,1.0,,,,,,,1,,,
PENN,Penn National Gaming,United States,Consumer Discretionary,S&P 500,1.0,,,,,,,1,,,
PNR,Pentair,United States,Industrials,S&P 500,1.0,,,,,,,1,,,
PBCT,People's United Financial,United States,"Banking, Insurance & Financial Services ",S&P 500,1.0,,,,,,,1,,,
PEP,PepsiCo,United States,Consumer Staples,S&P 500,1.0,,,,,,,1,,,
,Percona,,Technology,,0.0,,1.0,,94.0,,,1,,,
PKI,PerkinElmer,United States,Healthcare & Pharma,S&P 500,1.0,,,,,,,1,,,
PFE,Pfizer,United States,Healthcare & Pharma,S&P 500,1.0,,,,,,,1,,,
PM,Philip Morris International,United States,Consumer Staples,S&P 500,1.0,,,,,,,1,,,
,Philips,,Healthcare & Pharma,,0.0,,1.0,,138.0,,,1,,,
PSX,Phillips 66,United States,Energy,S&P 500,1.0,,,,,,,1,,,
,Pilz,,Technology,,0.0,,1.0,,286.0,,,1,,,
,PingCAP,,Technology,,0.0,,1.0,,95.0,,,1,,,
PNW,Pinnacle West Capital,United States,Utilities,S&P 500,1.0,,,,,,,1,,,
PXD,Pioneer Natural Resources,United States,Energy,S&P 500,1.0,,,,,,,1,,,
,Pivotal,,Technology,,0.0,,1.0,1.0,44.0,,,1,,,
,Pixel & Tonic,,Technology,,0.0,,1.0,,210.0,,,1,,,
,Plotly,,Technology,,0.0,,1.0,,232.0,,,1,,,
,Polidea,,Technology,,0.0,,1.0,,257.0,,,1,,,
,Polyapp,,Technology,,0.0,,1.0,,297.0,,,1,,,
POOL,Pool Corporation,United States,Consumer Discretionary,S&P 500,1.0,,,,,,,1,,,
,Povio,,Technology,,0.0,,1.0,,289.0,,,1,,,
PFG,Principal Financial Group,United States,"Banking, Insurance & Financial Services ",S&P 500,1.0,,,,,,,1,,,
PG,Procter & Gamble,United States,Consumer Staples,S&P 500,1.0,,,,,,,1,,,
PGR,Progressive Corporation,United States,"Banking, Insurance & Financial Services ",S&P 500,1.0,,,,,,,1,,,
PLD,Prologis,United States,Real Estate,S&P 500,1.0,,,,,,,1,,,
PRU,Prudential Financial,United States,"Banking, Insurance & Financial Services ",S&P 500,1.0,,,,,,,1,,,
PEG,Public Service Enterprise Group,United States,Utilities,S&P 500,1.0,,,,,,,1,,,
PSA,Public Storage,United States,Real Estate,S&P 500,1.0,,,,,,,1,,,
PHM,PulteGroup,United States,Consumer Discretionary,S&P 500,1.0,,,,,,,1,,,
,Puppet,,Technology,,0.0,,1.0,,89.0,,,1,,,
,Pyup,,Technology,,0.0,,1.0,,275.0,,,1,,,
QRVO,Qorvo,United States,Technology,S&P 500,1.0,,,,,,,1,,,
,Qt,,Technology,,0.0,,1.0,,51.0,,,1,,,
QCOM,Qualcomm,United States,Technology,S&P 500,1.0,1.0,,,,,,1,Qualcomm (Adopter),QCOM,161405190144.0
,QualityKiosk,,Technology,,0.0,,1.0,,288.0,,,1,,,
PWR,Quanta Services,United States,Industrials,S&P 500,1.0,,,,,,,1,,,
DGX,Quest Diagnostics,United States,Healthcare & Pharma,S&P 500,1.0,,,,,,,1,,,
,RStudio,,Technology,,0.0,,1.0,,118.0,,,1,,,
,RTE,,Energy & Utilities,,0.0,,1.0,,93.0,,,1,,,
,Rackspace,,Technology,,0.0,,1.0,,196.0,,,1,,,
RL,Ralph Lauren Corporation,United States,Consumer Discretionary,S&P 500,1.0,,,,,,,1,,,
RJF,Raymond James Financial,United States,"Banking, Insurance & Financial Services ",S&P 500,1.0,,,,,,,1,,,
RTX,Raytheon Technologies,United States,Industrials,S&P 500,1.0,,,,,,,1,,,
,ReTest,,Technology,,0.0,,1.0,,252.0,,,1,,,
,Reaktor,,Technology,,0.0,,1.0,,144.0,,,1,,,
O,Realty Income Corporation,United States,Real Estate,S&P 500,1.0,,,,,,,1,,,
,Red Hat,United States,Technology,,0.0,1.0,1.0,,3.0,,,1,Red Hat (Adopter),IBM,120321998848.0
REG,Regency Centers,United States,Real Estate,S&P 500,1.0,,,,,,,1,,,
REGN,Regeneron Pharmaceuticals,United States,Healthcare & Pharma,S&P 500,1.0,,,,,,,1,,,
RF,Regions Financial Corporation,United States,"Banking, Insurance & Financial Services ",S&P 500,1.0,,,,,,,1,,,
,Renovateapp,,Technology,,0.0,,1.0,,281.0,,,1,,,
RSG,Republic Services,United States,Industrials,S&P 500,1.0,,,,,,,1,,,
RMD,ResMed,United States,Healthcare & Pharma,S&P 500,1.0,,,,,,,1,,,
RHI,Robert Half International,United States,Industrials,S&P 500,1.0,,,,,,,1,,,
,Robotis,,Technology,,0.0,,1.0,,213.0,,,1,,,
ROK,Rockwell Automation,United States,Industrials,S&P 500,1.0,,,,,,,1,,,
ROL,Rollins,United States,Industrials,S&P 500,1.0,,,,,,,1,,,
ROP,Roper Technologies,United States,Industrials,S&P 500,1.0,,,,,,,1,,,
ROST,Ross Stores,United States,Consumer Discretionary,S&P 500,1.0,,,,,,,1,,,
RCL,Royal Caribbean Group,United States,Consumer Discretionary,S&P 500,1.0,,,,,,,1,,,
SPGI,S&P Global,United States,"Banking, Insurance & Financial Services ",S&P 500,1.0,,,,,,,1,,,
,SAP,Germany,Technology,,0.0,1.0,1.0,1.0,10.0,Contribute,Beneficial,1,SAP (Adopter),SAP,116731240448.0
SBAC,SBA Communications,United States,Real Estate,S&P 500,1.0,,,,,,,1,,,
,SBK Kontur,,Technology,,0.0,,1.0,,139.0,,,1,,,
,STMicroelectronics,,Technology,,0.0,,1.0,,161.0,,,1,,,
,SUSE,,Technology,,0.0,,1.0,1.0,15.0,Co-Leading,Direct,1,,,
SIVB,SVB Financial,United States,"Banking, Insurance & Financial Services ",S&P 500,1.0,,,,,,,1,,,
,SYSOP,,Technology,,0.0,,1.0,,272.0,,,1,,,
CRM,Salesforce,United States,Technology,S&P 500,1.0,1.0,1.0,1.0,30.0,,,1,Salesforce (Adopter),CRM,174780301312.0
,Samsung,,Technology,,0.0,,1.0,1.0,36.0,Creating,Dependent,1,,,
,Scality,,Technology,,0.0,,1.0,,150.0,,,1,,,
,Scania,Sweden,Technology,,0.0,1.0,1.0,,229.0,,,1,Scania (Adopter),,
SLB,Schlumberger,United States,Energy,S&P 500,1.0,,,,,,,1,,,
,ScyllaDB,,Technology,,0.0,,1.0,,88.0,,,1,,,
STX,Seagate Technology,United States,Technology,S&P 500,1.0,1.0,,,,,,1,Seagate (Adopter),STX,18084495360.0
SEE,Sealed Air,United States,Materials,S&P 500,1.0,,,,,,,1,,,
,SecOps Solutions,,Technology,,0.0,,1.0,,278.0,,,1,,,
SRE,Sempra Energy,United States,Utilities,S&P 500,1.0,,,,,,,1,,,
,Sentry,,Technology,,0.0,,1.0,,84.0,,,1,,,
NOW,ServiceNow,United States,Technology,S&P 500,1.0,,,,,,,1,,,
SHW,Sherwin-Williams,United States,Materials,S&P 500,1.0,,,,,,,1,,,
,Shopify,,Technology,,0.0,,1.0,1.0,37.0,Creating,Dependent,1,,,
,Shopkeep,,Technology,,0.0,,1.0,,291.0,,,1,,,
,Shopsys,,Technology,,0.0,,1.0,,259.0,,,1,,,
,Shopware,,Technology,,0.0,,1.0,,99.0,,,1,,,
,SiFive,,Technology,,0.0,,1.0,,133.0,,,1,,,
,Siemens,Germany,Technology,,0.0,1.0,1.0,,181.0,,,1,Siemens (Adopter),SIEMENS.NS,10273140910.0
,SignalFx,,Technology,,0.0,,1.0,,241.0,,,1,,,
,Silverstripe,,Technology,,0.0,,1.0,,192.0,,,1,,,
SPG,Simon Property Group,United States,Real Estate,S&P 500,1.0,,,,,,,1,,,
SWKS,Skyworks Solutions,United States,Technology,S&P 500,1.0,,,,,,,1,,,
,SmartBear,,Technology,,0.0,,1.0,,191.0,,,1,,,
SNA,Snap-on,United States,Industrials,S&P 500,1.0,,,,,,,1,,,
,Snyk,,Technology,,0.0,,1.0,,75.0,,,1,,,
,Société Générale,,"Banking, Insurance & Financial Services",,0.0,,1.0,,277.0,,,1,,,
,Softwire,,Technology,,0.0,,1.0,,184.0,,,1,,,
,Solita,,Technology,,0.0,,1.0,,142.0,,,1,,,
,Sonarsource,,Technology,,0.0,,1.0,,80.0,,,1,,,
,Sony,,Technology,,0.0,,1.0,,100.0,,,1,,,
,Sonymobile,,Media & Telecoms,,0.0,,1.0,,239.0,,,1,,,
SO,Southern Company,United States,Utilities,S&P 500,1.0,,,,,,,1,,,
LUV,Southwest Airlines,United States,Industrials,S&P 500,1.0,,,,,,,1,,,
,Splunk,,Technology,,0.0,,1.0,,42.0,,,1,,,
,Spryker,,Technology,,0.0,,1.0,,117.0,,,1,,,
,Square,United States,Technology,,0.0,1.0,1.0,,69.0,,,1,Square (Adopter),SQ,55441948672.0
SWK,Stanley Black & Decker,United States,Industrials,S&P 500,1.0,,,,,,,1,,,
SBUX,Starbucks,United States,Consumer Discretionary,S&P 500,1.0,,,,,,,1,,,
STT,State Street Corporation,United States,"Banking, Insurance & Financial Services ",S&P 500,1.0,,,,,,,1,,,
STE,Steris,United States,Healthcare & Pharma,S&P 500,1.0,,,,,,,1,,,
,StreamNative,,Technology,,0.0,,1.0,,175.0,,,1,,,
,Stripe,United States,"Banking, Insurance & Financial Services",,0.0,1.0,1.0,1.0,108.0,,,1,Stripe (Adopter),,
SYK,Stryker Corporation,United States,Healthcare & Pharma,S&P 500,1.0,,,,,,,1,,,
,SuperSoftware,,Technology,,0.0,,1.0,,292.0,,,1,,,
,Switch Software,,Technology,,0.0,,1.0,,250.0,,,1,,,
SYF,Synchrony Financial,United States,"Banking, Insurance & Financial Services ",S&P 500,1.0,,,,,,,1,,,
SNPS,Synopsys,United States,Technology,S&P 500,1.0,,1.0,,106.0,,,1,,,
SYY,Sysco,United States,Consumer Staples,S&P 500,1.0,,,,,,,1,,,
TMUS,T-Mobile US,United States,Communication Services,S&P 500,1.0,,,,,,,1,,,
,T-Systems,,Professional Services,,0.0,,1.0,,104.0,,,1,,,
TROW,T. Rowe Price,United States,"Banking, Insurance & Financial Services ",S&P 500,1.0,,,,,,,1,,,
TEL,TE Connectivity,United States,Technology,S&P 500,1.0,,,,,,,1,,,
,TI,,Technology,,0.0,,1.0,,154.0,,,1,,,
TJX,TJX Companies,United States,Consumer Discretionary,S&P 500,1.0,,,,,,,1,,,
TTWO,Take-Two Interactive,United States,Communication Services,S&P 500,1.0,,,,,,,1,,,
,Talan,,Professional Services,,0.0,,1.0,,298.0,,,1,,,
,Talend,,Technology,,0.0,,1.0,,127.0,,,1,,,
TPR,Tapestry,United States,Consumer Discretionary,S&P 500,1.0,,,,,,,1,,,
TGT,Target Corporation,United States,Consumer Discretionary,S&P 500,1.0,,,,,,,1,,,
,TeamDev,,Technology,,0.0,,1.0,,226.0,,,1,,,
TDY,Teledyne Technologies,United States,Industrials,S&P 500,1.0,,,,,,,1,,,
TFX,Teleflex,United States,Healthcare & Pharma,S&P 500,1.0,,,,,,,1,,,
,Tencent,China,Media & Telecoms,,0.0,1.0,1.0,,14.0,,,1,Tencent (Adopter),0700.HK,450660473370.0
,Tensor,,Technology,,0.0,,1.0,,204.0,,,1,,,
TER,Teradyne,United States,Technology,S&P 500,1.0,,,,,,,1,,,
TSLA,Tesla,United States,Consumer Discretionary,S&P 500,1.0,,,,,,,1,,,
,Test.com,,Technology,,0.0,,1.0,,180.0,,,1,,,
TXN,Texas Instruments,United States,Technology,S&P 500,1.0,,,,,,,1,,,
TXT,Textron,United States,Industrials,S&P 500,1.0,,,,,,,1,,,
COO,The Cooper Companies,United States,Healthcare & Pharma,S&P 500,1.0,,,,,,,1,,,
,The Dextrous Web,,Public sector,,0.0,,1.0,,200.0,,,1,,,
HIG,The Hartford,United States,"Banking, Insurance & Financial Services ",S&P 500,1.0,,,,,,,1,,,
HSY,The Hershey Company,United States,Consumer Staples,S&P 500,1.0,,,,,,,1,,,
MOS,The Mosaic Company,United States,Materials,S&P 500,1.0,,,,,,,1,,,
TRV,The Travelers Companies,United States,"Banking, Insurance & Financial Services ",S&P 500,1.0,,,,,,,1,,,
DIS,The Walt Disney Company,United States,Communication Services,S&P 500,1.0,,,,,,,1,,,
,The guardian,,Media & Telecoms,,0.0,,1.0,,126.0,,,1,,,
TMO,Thermo Fisher Scientific,United States,Healthcare & Pharma,S&P 500,1.0,,,,,,,1,,,
,ThoughtWorks,,Technology,,0.0,,1.0,1.0,57.0,,,1,,,
,Toucan Toco,,Technology,,0.0,,1.0,,256.0,,,1,,,
TSCO,Tractor Supply Company,United States,Consumer Discretionary,S&P 500,1.0,,,,,,,1,,,
TT,Trane Technologies,United States,Industrials,S&P 500,1.0,,,,,,,1,,,
TDG,TransDigm Group,United States,Industrials,S&P 500,1.0,,,,,,,1,,,
,Travis CI,,Technology,,0.0,,1.0,,190.0,,,1,,,
TRMB,Trimble,United States,Technology,S&P 500,1.0,,,,,,,1,,,
TFC,Truist Financial,United States,"Banking, Insurance & Financial Services ",S&P 500,1.0,,,,,,,1,,,
,Truss Works,,Technology,,0.0,,1.0,,116.0,,,1,,,
,Twilio,,Technology,,0.0,,1.0,,85.0,,,1,,,
TWTR,Twitter,United States,Communication Services,S&P 500,1.0,1.0,1.0,1.0,83.0,,,1,Twitter (Adopter),TWTR,52861677568.0
TYL,Tyler Technologies,United States,Technology,S&P 500,1.0,,,,,,,1,,,
,Tyro,,"Banking, Insurance & Financial Services",,0.0,,1.0,,273.0,,,1,,,
TSN,Tyson Foods,United States,Consumer Staples,S&P 500,1.0,,,,,,,1,,,
USB,U.S. Bancorp,United States,"Banking, Insurance & Financial Services ",S&P 500,1.0,,,,,,,1,,,
UDR,UDR,United States,Real Estate,S&P 500,1.0,,,,,,,1,,,
,Uber,United States,Travel & Transport,,0.0,1.0,1.0,,66.0,,,1,Uber (Adopter),UBER,51337248768.0
ULTA,Ulta Beauty,United States,Consumer Discretionary,S&P 500,1.0,,,,,,,1,,,
UAA,Under Armour (Class A),United States,Consumer Discretionary,S&P 500,1.0,,,,,,,1,,,
UA,Under Armour (Class C),United States,Consumer Discretionary,S&P 500,1.0,,,,,,,1,,,
,Uninvention,,Technology,,0.0,,1.0,,132.0,,,1,,,
UNP,Union Pacific,United States,Industrials,S&P 500,1.0,,,,,,,1,,,
UAL,United Airlines,United States,Industrials,S&P 500,1.0,,,,,,,1,,,
UPS,United Parcel Service,United States,Industrials,S&P 500,1.0,,,,,,,1,,,
URI,United Rentals,United States,Industrials,S&P 500,1.0,,,,,,,1,,,
UNH,UnitedHealth Group,United States,Healthcare & Pharma,S&P 500,1.0,,,,,,,1,,,
,Unity Technologies,,Technology,,0.0,,1.0,,35.0,,,1,,,
UHS,Universal Health Services,United States,Healthcare & Pharma,S&P 500,1.0,,,,,,,1,,,
VFC,VF Corporation,United States,Consumer Discretionary,S&P 500,1.0,,,,,,,1,,,
,VMware,United States,Technology,,0.0,1.0,1.0,,9.0,,,1,VMWare (Adopter),VMW,45271941120.0
,VTEX,,Technology,,0.0,,1.0,,179.0,,,1,,,
,Vaadin,,Technology,,0.0,,1.0,,128.0,,,1,,,
VLO,Valero Energy,United States,Energy,S&P 500,1.0,,,,,,,1,,,
VTR,Ventas,United States,Real Estate,S&P 500,1.0,,,,,,,1,,,
VRSN,Verisign,United States,Technology,S&P 500,1.0,,,,,,,1,,,
VRSK,Verisk Analytics,United States,Industrials,S&P 500,1.0,,,,,,,1,,,
VZ,Verizon Communications,United States,Communication Services,S&P 500,1.0,,,,,,,1,,,
,Verizon Media,United States,Media & Telecoms,,0.0,1.0,1.0,1.0,86.0,Contribute,Accelerant,1,Verizon Media (Adopter),VZ,199440908288.0
VRTX,Vertex Pharmaceuticals,United States,Healthcare & Pharma,S&P 500,1.0,,,,,,,1,,,
VIAC,ViacomCBS,United States,Communication Services,S&P 500,1.0,,,,,,,1,,,
VTRS,Viatris,United States,Healthcare & Pharma,S&P 500,1.0,,,,,,,1,,,
V,Visa,United States,Technology,S&P 500,1.0,,,,,,,1,,,
VNO,Vornado Realty Trust,United States,Real Estate,S&P 500,1.0,,,,,,,1,,,
VMC,Vulcan Materials,United States,Materials,S&P 500,1.0,,,,,,,1,,,
WRB,W. R. Berkley Corporation,United States,"Banking, Insurance & Financial Services ",S&P 500,1.0,,,,,,,1,,,
GWW,W. W. Grainger,United States,Industrials,S&P 500,1.0,,,,,,,1,,,
WEC,WEC Energy Group,United States,Utilities,S&P 500,1.0,,,,,,,1,,,
,WIX,,Technology,,0.0,,1.0,,56.0,,,1,,,
,WSO2,,Technology,,0.0,,1.0,1.0,79.0,Co-Leading,Direct,1,,,
WAB,Wabtec,United States,Industrials,S&P 500,1.0,,,,,,,1,,,
WBA,Walgreens Boots Alliance,United States,Consumer Staples,S&P 500,1.0,,,,,,,1,,,
WMT,Walmart,United States,Consumer Staples,S&P 500,1.0,,,,,,,1,,,
,WarnerMedia,,Media & Telecoms,,0.0,,1.0,,287.0,,,1,,,
WM,Waste Management,United States,Industrials,S&P 500,1.0,,,,,,,1,,,
WAT,Waters Corporation,United States,Healthcare & Pharma,S&P 500,1.0,,,,,,,1,,,
WFC,Wells Fargo,United States,"Banking, Insurance & Financial Services ",S&P 500,1.0,,,,,,,1,,,
WELL,Welltower,United States,Real Estate,S&P 500,1.0,,,,,,,1,,,
WST,West Pharmaceutical Services,United States,Healthcare & Pharma,S&P 500,1.0,,,,,,,1,,,
WRK,WestRock,United States,Materials,S&P 500,1.0,,,,,,,1,,,
WDC,Western Digital,United States,Technology,S&P 500,1.0,1.0,,,,,,1,Western Digital (Adopter),WDC.F,20172500998.0
WU,Western Union,United States,Technology,S&P 500,1.0,,,,,,,1,,,
WY,Weyerhaeuser,United States,Real Estate,S&P 500,1.0,,,,,,,1,,,
WHR,Whirlpool Corporation,United States,Consumer Discretionary,S&P 500,1.0,,,,,,,1,,,
WMB,Williams Companies,United States,Energy,S&P 500,1.0,,,,,,,1,,,
WLTW,Willis Towers Watson,United States,"Banking, Insurance & Financial Services ",S&P 500,1.0,,,,,,,1,,,
,Wind River,United States,Technology,,0.0,1.0,1.0,,97.0,,,1,Windriver (Adopter),,
,Wire,,Technology,,0.0,,1.0,,152.0,,,1,,,
,WolfVision,,Technology,,0.0,,1.0,,284.0,,,1,,,
WYNN,Wynn Resorts,United States,Consumer Discretionary,S&P 500,1.0,,,,,,,1,,,
,XWiki SAS,,Technology,,0.0,,1.0,,228.0,,,1,,,
XEL,Xcel Energy,United States,Utilities,S&P 500,1.0,,,,,,,1,,,
XLNX,Xilinx,United States,Technology,S&P 500,1.0,1.0,,,,,,1,Xilinx (Adopter),XLNX.VI,48653168008.0
XYL,Xylem,United States,Industrials,S&P 500,1.0,,,,,,,1,,,
,Yahoo,,Technology,,0.0,,1.0,,205.0,,,1,,,
,Yandex,,Technology,,0.0,,1.0,,39.0,,,1,,,
,Yoast,,Technology,,0.0,,1.0,,164.0,,,1,,,
YUM,Yum! Brands,United States,Consumer Discretionary,S&P 500,1.0,,,,,,,1,,,
,Yunion,,Technology,,0.0,,1.0,,253.0,,,1,,,
,Zalando,Germany,Technology,,0.0,1.0,1.0,,151.0,,,1,Zalando (Adopter),ZAL.DE,10103234230.0
ZBRA,Zebra Technologies,United States,Technology,S&P 500,1.0,,,,,,,1,,,
ZBH,Zimmer Biomet,United States,Healthcare & Pharma,S&P 500,1.0,,,,,,,1,,,
ZION,Zions Bancorp,United States,"Banking, Insurance & Financial Services ",S&P 500,1.0,,,,,,,1,,,
ZTS,Zoetis,United States,Healthcare & Pharma,S&P 500,1.0,,,,,,,1,,,
,commercetools,,Technology,,0.0,,1.0,,240.0,,,1,,,
,datavisyn,,Healthcare & Pharma,,0.0,,1.0,,194.0,,,1,,,
EBAY,eBay,United States,Consumer Discretionary,S&P 500,1.0,1.0,,,,,,1,eBay (Adopter),EBAY,30270382080.0
,eyeo,,Technology,,0.0,,1.0,,219.0,,,1,,,
,feenk,,Technology,,0.0,,1.0,,265.0,,,1,,,
,iXsystems,,Technology,,0.0,,1.0,,215.0,,,1,,,
,itemis,,Technology,,0.0,,1.0,,220.0,,,1,,,
,metas,,Technology,,0.0,,1.0,,280.0,,,1,,,
,mongoDB,,Technology,,0.0,,1.0,,28.0,,,1,,,
,mySociety,,Professional Services,,0.0,,1.0,,225.0,,,1,,,
,plentymarkets,,Technology,,0.0,,1.0,,159.0,,,1,,,
,tweag.io,,Technology,,0.0,,1.0,,156.0,,,1,,,
,what.,,Technology,,0.0,,1.0,,279.0,,,1,,,
,SAIC,,,,0.0,,,1.0,,Combining,Accelerant,1,,,
,Vapor IO,,,,0.0,,,1.0,,Co-Leading,Accelerant,1,,,
,CapitalOne,,,,0.0,,,1.0,,Contribute,Accelerant,1,,,
,Datadog,United States,,,0.0,1.0,,1.0,,Contribute,Accelerant,1,Datadog (Adopter),DDOG,33496272896.0
,Toyota ,,,,0.0,,,1.0,,Contribute,Accelerant,1,,,
,PayPal ,,,,0.0,,,1.0,,Combining,Beneficial,1,,,
,FannieMae,,,,0.0,,,1.0,,Combining,Beneficial,1,,,
,Dell,,,,0.0,,,1.0,,Co-Leading,Beneficial,1,,,
,Cloudflare,,,,0.0,,,1.0,,Contribute,Dependent,1,,,
,VA Linux Systems Japan,,,,0.0,,,1.0,,Contribute,Dependent,1,,,
,Zalando ,,,,0.0,,,1.0,,Creating,Dependent,1,,,
,Blockstream,,,,0.0,,,1.0,,Creating,Dependent,1,,,
,Gilt,,,,0.0,,,1.0,,Combining,Dependent,1,,,
,Walmart Labs ,,,,0.0,,,1.0,,Co-Leading,Dependent,1,,,
,Change Healthcare,United States,,,0.0,1.0,,1.0,,Contribute,Dependent,1,Change Healthcare (Adopter),CHNG,7388748800.0
,here,,,,0.0,,,1.0,,Combining,Dependent,1,,,
,MSFT ,,,,0.0,,,1.0,,Co-Leading,Dependent,1,,,
,Two Sigma,United States,,,0.0,1.0,,1.0,,Contribute,Dependent,1,Two Sigma (Adopter),,
,Eleme,,,,0.0,,,1.0,,Combining,Dependent,1,,,
,Box,United States,,,0.0,1.0,,1.0,,Contribute,Dependent,1,Box (Adopter),BOX,4402399744.0
,Artsy,,,,0.0,,,1.0,,Contribute,Dependent,1,,,
,Scania ,,,,0.0,,,1.0,,Combining,Dependent,1,,,
,Mozilla ,,,,0.0,,,1.0,,Co-Leading,Dependent,1,,,
,DiDi Chuxing,,,,0.0,,,1.0,,Contribute,Dependent,1,,,
,Autodesk ,,,,0.0,,,1.0,,Contribute,Dependent,1,,,
,Guardian,,,,0.0,,,1.0,,Creating,Dependent,1,,,
,Khan Academy,United States,,,0.0,1.0,,1.0,,Creating,Dependent,1,Khan Academy (Adopter),,
,Uber ,,,,0.0,,,1.0,,Co-Leading,Dependent,1,,,
,Wipro ,,,,0.0,,,1.0,,Co-Leading,Dependent,1,,,
,GitLab ,,,,0.0,,,1.0,,Co-Leading,Direct,1,,,
,MongoDB,,,,0.0,,,1.0,,Co-Leading,Direct,1,,,
,Chef (now owned by Progress Software),,,,0.0,,,1.0,,Co-Leading,Direct,1,,,
,RedHat ,,,,0.0,,,1.0,,Co-Leading,Direct,1,,,
,Qualcomm ,,,,0.0,,,1.0,,Contribute,Promotional,1,,,
,Numenta,,,,0.0,,,1.0,,Creating,Promotional,1,,,
,SauceLabs,,,,0.0,,,1.0,,,,1,,,
,Facebook ,,,,0.0,,,1.0,,,,1,,,
,Accenture Global Services,,,,0.0,,,1.0,,,,1,,,
,Amazon/AWS,,,,0.0,,,1.0,,,,1,,,
,ARM ,,,,0.0,,,1.0,,,,1,,,
,CFBP,,,,0.0,,,1.0,,,,1,,,
,Deutsche Bahn ,,,,0.0,,,1.0,,,,1,,,
,DigitalOcean ,,,,0.0,,,1.0,,,,1,,,
,Dropbox,United States,,,0.0,1.0,,1.0,,,,1,Dropbox (Adopter),DBX,8088215040.0
,EBay,,,,0.0,,,1.0,,,,1,,,
,Elastic ,,,,0.0,,,1.0,,,,1,,,
,Ericsson ,,,,0.0,,,1.0,,,,1,,,
,Expedia,,,,0.0,,,1.0,,,,1,,,
,Fidelity ,,,,0.0,,,1.0,,,,1,,,
,FreddieMac,,,,0.0,,,1.0,,,,1,,,
,Fujitsu,,,,0.0,,,1.0,,,,1,,,
,GoDaddy,,,,0.0,,,1.0,,,,1,,,
,Hitachi,,,,0.0,,,1.0,,,,1,,,
,HP Enterprise ,,,,0.0,,,1.0,,,,1,,,
,Indeed,United States,,,0.0,1.0,,1.0,,,,1,Indeed (Adopter),,
,Intel ,,,,0.0,,,1.0,,,,1,,,
,John Hopkins University ,,,,0.0,,,1.0,,,,1,,,
,Juniper,,,,0.0,,,1.0,,,,1,,,
,Liferay ,,,,0.0,,,1.0,,,,1,,,
,Morgan Stanley ,,,,0.0,,,1.0,,,,1,,,
,National Instruments ,,,,0.0,,,1.0,,,,1,,,
,NEC,,,,0.0,,,1.0,,,,1,,,
,Netflix ,,,,0.0,,,1.0,,,,1,,,
,NewRelic,,,,0.0,,,1.0,,,,1,,,
,Nokia,Finland,,,0.0,1.0,,1.0,,,,1,Nokia (Adopter),,
,OSGeo,,,,0.0,,,1.0,,,,1,,,
,Panasonic,,,,0.0,,,1.0,,,,1,,,
,Pinterest,United States,,,0.0,1.0,,1.0,,,,1,Pinterest (Adopter),PINS,14732684288.0
,Porsche,Germany,,,0.0,1.0,,1.0,,,,1,Porsche (Adopter),,
,Proyecto26,,,,0.0,,,1.0,,,,1,,,
,Qingcloud,,,,0.0,,,1.0,,,,1,,,
,QT,,,,0.0,,,1.0,,,,1,,,
,Renesas Electronics Corporation,,,,0.0,,,1.0,,,,1,,,
,Rochester Institute of Technology ,,,,0.0,,,1.0,,,,1,,,
,Seagate,,,,0.0,,,1.0,,,,1,,,
,Slack,United States,,,0.0,1.0,,1.0,,,,1,Slack (Adopter),WORK,26519519232.0
,Sony Group Corp,,,,0.0,,,1.0,,,,1,,,
,Splunk ,,,,0.0,,,1.0,,,,1,,,
,Spotify ,,,,0.0,,,1.0,,,,1,,,
,Square ,,,,0.0,,,1.0,,,,1,,,
,Target,United States,,,0.0,1.0,,1.0,,,,1,Target (Adopter),TGT,107702190080.0
,Tencent ,,,,0.0,,,1.0,,,,1,,,
,Toshiba,,,,0.0,,,1.0,,,,1,,,
,Unity Technologies ,,,,0.0,,,1.0,,,,1,,,
,University of Santa Cruz,,,,0.0,,,1.0,,,,1,,,
,US Bank,United States,,,0.0,1.0,,1.0,,,,1,US Bank (Adopter),USB,73341526016.0
,VMWare ,,,,0.0,,,1.0,,,,1,,,
,WeBank,,,,0.0,,,1.0,,,,1,,,
,Western Digital ,,,,0.0,,,1.0,,,,1,,,
,Wikimedia ,,,,0.0,,,1.0,,,,1,,,
,Wix,,,,0.0,,,1.0,,,,1,,,
,XILinx,,,,0.0,,,1.0,,,,1,,,
,Yandex ,,,,0.0,,,1.0,,,,1,,,
,Yelp,,,,0.0,,,1.0,,,,1,,,
,Aiven,Finland,,,0.0,1.0,,,,,,1,Aiven (Adopter),,
,Alibaba Group,China,,,0.0,1.0,,,,,,1,Alibaba (Adopter),9988.HK,269228400660.0
,Alliander,The Netherlands,,,0.0,1.0,,,,,,1,Alliander (Adopter),,
,Arm Holdings,United Kingdom,,,0.0,1.0,,,,,,1,ARM (Adopter),,
,Avanade,United States,,,0.0,1.0,,,,,,1,Avanade (Adopter),MSFT,2087771176960.0
,AWS,United States,,,0.0,1.0,,,,,,1,AWS (Adopter),,
,Itau Unibanco,Brazil,,,0.0,1.0,,,,,,1,Banco Itaú (Adopter),,
,Bayerische Motoren Werke,Germany,,,0.0,1.0,,,,,,1,BMW (Adopter),,
,The Boeing Company,United States,,,0.0,1.0,,,,,,1,Boeing (Adopter),BA,90352099328.0
,Capital One,United States,,,0.0,1.0,,,,,,1,Capital One (Adopter),COF,51953790976.0
,Chef Software,United States,,,0.0,1.0,,,,,,1,Chef (Adopter),,
,China Mobile,China,,,0.0,1.0,,,,,,1,China  Mobile (Adopter),600941.SS,142667235837.0
,Cisco,United States,,,0.0,1.0,,,,,,1,Cisco (Adopter),CSCO,208227778560.0
,Dell Technologies,United States,,,0.0,1.0,,,,,,1,Dell Technologies (Adopter),,
,Deutsche Bahn,Germany,,,0.0,1.0,,,,,,1,Deutsche Bahn (Adopter),,
,Didi Labs,United States,,,0.0,1.0,,,,,,1,Didi (Adopter),,
,DigitalOcean,United States,,,0.0,1.0,,,,,,1,DigitalOcean (Adopter),DOCN,4048072704.0
,EPAM Systems,United States,,,0.0,1.0,,,,,,1,EPAM (Adopter),EPAM,16812038144.0
,Esri,United States,,,0.0,1.0,,,,,,1,ESRI (Adopter),,
,F5,United States,,,0.0,1.0,,,,,,1,F5 (Adopter),FFIV,10502849536.0
,Fannie Mae,United States,,,0.0,1.0,,,,,,1,Fannie Mae (Adopter),FNMA,888533120.0
,Freddie Mac,United States,,,0.0,1.0,,,,,,1,Freddie Mac (Adopter),FMCC,485659840.0
,HCL Software,India,,,0.0,1.0,,,,,,1,HCL Software (Adopter),,
,HERE Technologies Chicago,United States,,,0.0,1.0,,,,,,1,Here Technologies (Adopter),,
,Huawei Technologies,China,,,0.0,1.0,,,,,,1,Huawei (Adopter),,
,ITRenew,United States,,,0.0,1.0,,,,,,1,ITRenew (Adopter),,
,Johns Hopkins Applied Physics Lab,United States,,,0.0,1.0,,,,,,1,John Hopkins University (Adopter),,
,Juniper Innovating Travel Technology,Spain,,,0.0,1.0,,,,,,1,Juniper (Adopter),,
,Meta,United States,,,0.0,1.0,,,,,,1,Meta (Adopter),FB,565512634368.0
,National Instruments,United States,,,0.0,1.0,,,,,,1,National Instruments (Adopter),NATI,4715076608.0
,NGINX,United States,,,0.0,1.0,,,,,,1,NGINX (Adopter),,
,QingCloud,China,,,0.0,1.0,,,,,,1,Qingcloud (Adopter),688316.SS,220846282.0
,Rochester Institute of Technology,United States,,,0.0,1.0,,,,,,1,Rochester Institute of Technology (Adopter),,
,Samsung Pay,United States,,,0.0,1.0,,,,,,1,Samsung (Adopter),,
,Sauce Labs,United States,,,0.0,1.0,,,,,,1,Sauce Labs (Adopter),,
,Spotify,Sweden,,,0.0,1.0,,,,,,1,Spotify (Adopter),SPOT,20336121856.0
,Toyota Motor,Japan,,,0.0,1.0,,,,,,1,Toyota (Adopter),TM,237550780416.0
,"Trinity College, Dublin",Ireland,,,0.0,1.0,,,,,,1,Trinity College Dublin (Adopter),,
,"University of California, Santa Cruz",United States,,,0.0,1.0,,,,,,1,University of Santa Cruz (Adopter),,
,Walmart Labs,United States,,,0.0,1.0,,,,,,1,WalmartLabs (Adopter),WMT,421450645504.0
,Wayfair,United States,,,0.0,1.0,,,,,,1,Wayfair (Adopter),W,9014573056.0
,Wipro Technologies,India,,,0.0,1.0,,,,,,1,Wipro (Adopter),WIPRO.NS,35257622179.0
